<?xml version = '1.0' encoding = 'UTF-8'?>
<Diagram class="oracle.dbtools.crest.swingui.relational.DPVRelational" name="Relational_1" id="35C69863-034A-8F43-7F30-4D03A18485FC">
<createdBy>paulo</createdBy>
<modifiedBy>paulo</modifiedBy>
<createdTime>2024-10-07 01:08:54 UTC</createdTime>
<autoRoute>false</autoRoute>
<boxInbox>true</boxInbox>
<showLegend>false</showLegend>
<showLabels>false</showLabels>
<showRelAttributes>false</showRelAttributes>
<gridEnabled>false</gridEnabled>
<showGrid>false</showGrid>
<diagramColor>-1</diagramColor>
<display>false</display>
<notation>1</notation>
<objectViews>
<OView class="oracle.dbtools.crest.swingui.relational.TVTable" oid="02335AA5-D34B-6489-7A58-69C3D6FE01C7" otype="Table" vid="AB6AD680-D681-22CC-26EA-1025C8326DB3">
<hideElementsInCurrentOnly>false</hideElementsInCurrentOnly>
<bounds x="678" y="414" width="170" height="91"/>
</OView>
<OView class="oracle.dbtools.crest.swingui.relational.TVTable" oid="12DAD6EB-0A00-0323-C8F0-05CBC6C77033" otype="Table" vid="EE22B8AA-56D0-C51B-D08D-AE9E151994F6">
<hideElementsInCurrentOnly>false</hideElementsInCurrentOnly>
<bounds x="900" y="436" width="126" height="61"/>
</OView>
<OView class="oracle.dbtools.crest.swingui.relational.TVTable" oid="4686D6BC-9DBB-414A-89A7-8FD885BA463F" otype="Table" vid="1473A387-352A-FF08-C21E-362DE06551C3">
<hideElementsInCurrentOnly>false</hideElementsInCurrentOnly>
<bounds x="472" y="13" width="110" height="56"/>
</OView>
<OView class="oracle.dbtools.crest.swingui.relational.TVTable" oid="567D20E6-2693-B50D-50E0-255014C420E8" otype="Table" vid="137F9DEB-2912-3B56-945E-2F2C53082873">
<hideElementsInCurrentOnly>false</hideElementsInCurrentOnly>
<bounds x="877" y="194" width="131" height="156"/>
</OView>
<OView class="oracle.dbtools.crest.swingui.relational.TVTable" oid="8618DF98-1A20-13CD-1FBD-5AD37D2C4135" otype="Table" vid="1C21EB55-5B79-4BBC-E7BF-6BECC61FAA7F">
<hideElementsInCurrentOnly>false</hideElementsInCurrentOnly>
<bounds x="680" y="47" width="125" height="149"/>
</OView>
<OView class="oracle.dbtools.crest.swingui.relational.TVTable" oid="8744AA38-8842-7D86-C394-0121E791BF03" otype="Table" vid="9794713F-4EBA-3264-17D0-DB1A899D6EC8">
<hideElementsInCurrentOnly>false</hideElementsInCurrentOnly>
<bounds x="215" y="359" width="168" height="137"/>
</OView>
<OView class="oracle.dbtools.crest.swingui.relational.TVTable" oid="90D7415A-06F1-440F-D544-1B93D3836FA0" otype="Table" vid="A484BDD9-78D3-F586-242C-038E72AA8EBC">
<hideElementsInCurrentOnly>false</hideElementsInCurrentOnly>
<bounds x="869" y="61" width="120" height="71"/>
</OView>
<OView class="oracle.dbtools.crest.swingui.relational.TVTable" oid="ACE6B185-FE52-9012-DCB3-4C38B406FDBA" otype="Table" vid="258AF152-2B65-8886-CC5C-70A6BAE17D31">
<hideElementsInCurrentOnly>false</hideElementsInCurrentOnly>
<bounds x="480" y="405" width="94" height="55"/>
</OView>
<OView class="oracle.dbtools.crest.swingui.relational.TVTable" oid="AD6E5168-4E2D-6082-5580-170D8FC3C0C4" otype="Table" vid="43594A51-A416-ADC3-67CB-BCF68337CBFF">
<hideElementsInCurrentOnly>false</hideElementsInCurrentOnly>
<bounds x="1049" y="310" width="119" height="54"/>
</OView>
<OView class="oracle.dbtools.crest.swingui.relational.TVTable" oid="B408563D-BD10-340C-50E7-B76263383749" otype="Table" vid="92A4B46D-3A53-E7CD-6664-3342E289B2C5">
<hideElementsInCurrentOnly>false</hideElementsInCurrentOnly>
<bounds x="424" y="129" width="143" height="96"/>
</OView>
<OView class="oracle.dbtools.crest.swingui.relational.TVTable" oid="B8C12A63-C363-A67A-C1DA-A06DD3A75F98" otype="Table" vid="E0B4ACCD-96FA-6D5B-7186-1307D810F29B">
<hideElementsInCurrentOnly>false</hideElementsInCurrentOnly>
<bounds x="669" y="290" width="145" height="27"/>
</OView>
<OView class="oracle.dbtools.crest.swingui.relational.TVTable" oid="C1806D19-860C-A768-ABD9-CED9DFFCC051" otype="Table" vid="0A537189-08CB-7DF9-0AEB-18E9A8BB3F6D">
<hideElementsInCurrentOnly>false</hideElementsInCurrentOnly>
<bounds x="15" y="92" width="106" height="147"/>
</OView>
<OView class="oracle.dbtools.crest.swingui.relational.TVTable" oid="C2576AEA-6E1E-A653-A308-4B2691179992" otype="Table" vid="5666C8E9-29B9-C6A6-725D-C0FA1CA0EA93">
<hideElementsInCurrentOnly>false</hideElementsInCurrentOnly>
<bounds x="11" y="361" width="113" height="54"/>
</OView>
<OView class="oracle.dbtools.crest.swingui.relational.TVTable" oid="EFAD20E9-3581-CE3E-991D-6D46EFD15FF5" otype="Table" vid="AF027C9A-1599-DFEC-0692-13DA0FC0E5EA">
<hideElementsInCurrentOnly>false</hideElementsInCurrentOnly>
<bounds x="211" y="151" width="137" height="59"/>
</OView>
<OView class="oracle.dbtools.crest.swingui.relational.TVTable" oid="F77B3F74-0A69-D64C-CA2D-5E0E9D722A3D" otype="Table" vid="3175890C-7353-CA09-D8F8-A24473133411">
<hideElementsInCurrentOnly>false</hideElementsInCurrentOnly>
<bounds x="1078" y="68" width="110" height="64"/>
</OView>
</objectViews>
<connectors>
<Connector class="oracle.dbtools.crest.swingui.relational.TVFKRelation" oid="2A1B1F19-B7B1-A58D-F29B-E3ABBC874D67" otype="FKIndexAssociation" vid_source="AB6AD680-D681-22CC-26EA-1025C8326DB3" vid_target="E0B4ACCD-96FA-6D5B-7186-1307D810F29B">
<hideElementsInCurrentOnly>false</hideElementsInCurrentOnly>
<backgroundColor>-16777216</backgroundColor>
<lineWidth>1</lineWidth>
<points>
<point x="746" y="414"/>
<point x="746" y="317"/>
</points>
</Connector>
<Connector class="oracle.dbtools.crest.swingui.relational.TVFKRelation" oid="328E6483-16BB-470D-4872-BD9BED833DBE" otype="FKIndexAssociation" vid_source="92A4B46D-3A53-E7CD-6664-3342E289B2C5" vid_target="AF027C9A-1599-DFEC-0692-13DA0FC0E5EA">
<hideElementsInCurrentOnly>false</hideElementsInCurrentOnly>
<backgroundColor>-16777216</backgroundColor>
<lineWidth>1</lineWidth>
<points>
<point x="424" y="180"/>
<point x="348" y="180"/>
</points>
</Connector>
<Connector class="oracle.dbtools.crest.swingui.relational.TVFKRelation" oid="38BA8E8E-52E0-8BE9-D59B-C7B5246AF8F7" otype="FKIndexAssociation" vid_source="5666C8E9-29B9-C6A6-725D-C0FA1CA0EA93" vid_target="9794713F-4EBA-3264-17D0-DB1A899D6EC8">
<hideElementsInCurrentOnly>false</hideElementsInCurrentOnly>
<backgroundColor>-16777216</backgroundColor>
<lineWidth>1</lineWidth>
<points>
<point x="124" y="388"/>
<point x="215" y="388"/>
</points>
</Connector>
<Connector class="oracle.dbtools.crest.swingui.relational.TVFKRelation" oid="3A20BC3D-CDF2-FFE5-7BA6-72AFBC344451" otype="FKIndexAssociation" vid_source="137F9DEB-2912-3B56-945E-2F2C53082873" vid_target="A484BDD9-78D3-F586-242C-038E72AA8EBC">
<hideElementsInCurrentOnly>false</hideElementsInCurrentOnly>
<backgroundColor>-16777216</backgroundColor>
<lineWidth>1</lineWidth>
<points>
<point x="933" y="194"/>
<point x="933" y="132"/>
</points>
</Connector>
<Connector class="oracle.dbtools.crest.swingui.relational.TVFKRelation" oid="3B468493-D98C-A525-4170-C631D556D98C" otype="FKIndexAssociation" vid_source="9794713F-4EBA-3264-17D0-DB1A899D6EC8" vid_target="258AF152-2B65-8886-CC5C-70A6BAE17D31">
<hideElementsInCurrentOnly>false</hideElementsInCurrentOnly>
<backgroundColor>-16777216</backgroundColor>
<lineWidth>1</lineWidth>
<points>
<point x="383" y="432"/>
<point x="480" y="432"/>
</points>
</Connector>
<Connector class="oracle.dbtools.crest.swingui.relational.TVFKRelation" oid="3C224F37-3698-9595-E8CF-8FD34C61E4B9" otype="FKIndexAssociation" vid_source="0A537189-08CB-7DF9-0AEB-18E9A8BB3F6D" vid_target="9794713F-4EBA-3264-17D0-DB1A899D6EC8">
<hideElementsInCurrentOnly>false</hideElementsInCurrentOnly>
<backgroundColor>-16777216</backgroundColor>
<lineWidth>1</lineWidth>
<points>
<point x="121" y="207"/>
<point x="193" y="207"/>
<point x="215" y="359"/>
</points>
</Connector>
<Connector class="oracle.dbtools.crest.swingui.relational.TVFKRelation" oid="3F3ED586-04F8-7794-6F47-7C3A8FACF707" otype="FKIndexAssociation" vid_source="AB6AD680-D681-22CC-26EA-1025C8326DB3" vid_target="92A4B46D-3A53-E7CD-6664-3342E289B2C5">
<hideElementsInCurrentOnly>false</hideElementsInCurrentOnly>
<backgroundColor>-16777216</backgroundColor>
<lineWidth>1</lineWidth>
<points>
<point x="719" y="414"/>
<point x="540" y="225"/>
</points>
</Connector>
<Connector class="oracle.dbtools.crest.swingui.relational.TVFKRelation" oid="67A60D1A-BE9E-C39B-0803-A80DEF47A010" otype="FKIndexAssociation" vid_source="A484BDD9-78D3-F586-242C-038E72AA8EBC" vid_target="137F9DEB-2912-3B56-945E-2F2C53082873">
<hideElementsInCurrentOnly>false</hideElementsInCurrentOnly>
<backgroundColor>-16777216</backgroundColor>
<lineWidth>1</lineWidth>
<points>
<point x="933" y="132"/>
<point x="933" y="194"/>
</points>
</Connector>
<Connector class="oracle.dbtools.crest.swingui.relational.TVFKRelation" oid="6C1CB5E0-2003-298B-F29A-38A1F578458D" otype="FKIndexAssociation" vid_source="A484BDD9-78D3-F586-242C-038E72AA8EBC" vid_target="1C21EB55-5B79-4BBC-E7BF-6BECC61FAA7F">
<hideElementsInCurrentOnly>false</hideElementsInCurrentOnly>
<backgroundColor>-16777216</backgroundColor>
<lineWidth>1</lineWidth>
<points>
<point x="869" y="96"/>
<point x="805" y="96"/>
</points>
</Connector>
<Connector class="oracle.dbtools.crest.swingui.relational.TVFKRelation" oid="7264BA92-4AE0-1033-1AF7-4C08D0DB98CB" otype="FKIndexAssociation" vid_source="EE22B8AA-56D0-C51B-D08D-AE9E151994F6" vid_target="AB6AD680-D681-22CC-26EA-1025C8326DB3">
<hideElementsInCurrentOnly>false</hideElementsInCurrentOnly>
<backgroundColor>-16777216</backgroundColor>
<lineWidth>1</lineWidth>
<points>
<point x="900" y="466"/>
<point x="848" y="466"/>
</points>
</Connector>
<Connector class="oracle.dbtools.crest.swingui.relational.TVFKRelation" oid="825034B8-1702-C9DC-CAAD-5997E2769F2D" otype="FKIndexAssociation" vid_source="43594A51-A416-ADC3-67CB-BCF68337CBFF" vid_target="3175890C-7353-CA09-D8F8-A24473133411">
<hideElementsInCurrentOnly>false</hideElementsInCurrentOnly>
<backgroundColor>-16777216</backgroundColor>
<lineWidth>1</lineWidth>
<points>
<point x="1123" y="310"/>
<point x="1123" y="132"/>
</points>
</Connector>
<Connector class="oracle.dbtools.crest.swingui.relational.TVFKRelation" oid="893BBFBE-1E94-A0CC-2457-1E06D80C01CD" otype="FKIndexAssociation" vid_source="1473A387-352A-FF08-C21E-362DE06551C3" vid_target="92A4B46D-3A53-E7CD-6664-3342E289B2C5">
<hideElementsInCurrentOnly>false</hideElementsInCurrentOnly>
<backgroundColor>-16777216</backgroundColor>
<lineWidth>1</lineWidth>
<points>
<point x="519" y="69"/>
<point x="519" y="129"/>
</points>
</Connector>
<Connector class="oracle.dbtools.crest.swingui.relational.TVFKRelation" oid="C42DE71A-5C93-B1D3-79C6-D6E576C9BA07" otype="FKIndexAssociation" vid_source="3175890C-7353-CA09-D8F8-A24473133411" vid_target="A484BDD9-78D3-F586-242C-038E72AA8EBC">
<hideElementsInCurrentOnly>false</hideElementsInCurrentOnly>
<backgroundColor>-16777216</backgroundColor>
<lineWidth>1</lineWidth>
<points>
<point x="1078" y="100"/>
<point x="989" y="100"/>
</points>
</Connector>
<Connector class="oracle.dbtools.crest.swingui.relational.TVFKRelation" oid="D07C85BE-4E5A-5BD6-202B-1520DF481876" otype="FKIndexAssociation" vid_source="1C21EB55-5B79-4BBC-E7BF-6BECC61FAA7F" vid_target="92A4B46D-3A53-E7CD-6664-3342E289B2C5">
<hideElementsInCurrentOnly>false</hideElementsInCurrentOnly>
<backgroundColor>-16777216</backgroundColor>
<lineWidth>1</lineWidth>
<points>
<point x="680" y="162"/>
<point x="567" y="162"/>
</points>
</Connector>
<Connector class="oracle.dbtools.crest.swingui.relational.TVFKRelation" oid="E3F0337A-0CD9-2F9C-93B2-F55F93D90EA0" otype="FKIndexAssociation" vid_source="AB6AD680-D681-22CC-26EA-1025C8326DB3" vid_target="258AF152-2B65-8886-CC5C-70A6BAE17D31">
<hideElementsInCurrentOnly>false</hideElementsInCurrentOnly>
<backgroundColor>-16777216</backgroundColor>
<lineWidth>1</lineWidth>
<points>
<point x="678" y="437"/>
<point x="574" y="437"/>
</points>
</Connector>
<Connector class="oracle.dbtools.crest.swingui.relational.TVFKRelation" oid="EA320697-43EA-12CA-E1B0-4EEA6D2BDE5C" otype="FKIndexAssociation" vid_source="0A537189-08CB-7DF9-0AEB-18E9A8BB3F6D" vid_target="AF027C9A-1599-DFEC-0692-13DA0FC0E5EA">
<hideElementsInCurrentOnly>false</hideElementsInCurrentOnly>
<backgroundColor>-16777216</backgroundColor>
<lineWidth>1</lineWidth>
<points>
<point x="121" y="180"/>
<point x="211" y="180"/>
</points>
</Connector>
<Connector class="oracle.dbtools.crest.swingui.relational.TVFKRelation" oid="F16DC2A2-43B8-E713-EA8E-EDA75C572DD2" otype="FKIndexAssociation" vid_source="1C21EB55-5B79-4BBC-E7BF-6BECC61FAA7F" vid_target="E0B4ACCD-96FA-6D5B-7186-1307D810F29B">
<hideElementsInCurrentOnly>false</hideElementsInCurrentOnly>
<backgroundColor>-16777216</backgroundColor>
<lineWidth>1</lineWidth>
<points>
<point x="742" y="196"/>
<point x="742" y="290"/>
</points>
</Connector>
</connectors>
</Diagram>