<?xml version = '1.0' encoding = 'UTF-8'?>
<FKIndexAssociation class="oracle.dbtools.crest.model.design.relational.FKIndexAssociation" directorySegmentName="seg_0" id="312F18D2-AB83-8342-D469-192B24A9B786" containerWithKeyObject="13F9FC61-5888-5EB8-20FD-44094461A7A8" localFKIndex="A6A52282-4438-6965-8428-E384C261E412" name="Orden_trabajo_Estado_OT_FK">
<createdBy>Paulo</createdBy>
<createdTime>2024-10-12 01:38:09 UTC</createdTime>
<generatorID>6DF9ADD6-C4AE-6ADA-B6AD-A19D34C77EC4</generatorID>
<ownerDesignName>CarMotorFix</ownerDesignName>
<referredTableLongName>Estado_OT</referredTableLongName>
<deleteRule>NO ACTION</deleteRule>
<referredTableID>85D41E60-9DDA-24FF-6122-140CCD5CDB59</referredTableID>
<keyObject>E6A0A654-66AC-CBBC-207E-F32EB201ACF5</keyObject>
<referredKeyID>E6A0A654-66AC-CBBC-207E-F32EB201ACF5</referredKeyID>
<mandatory>true</mandatory>
<refColNames>Cod_estado</refColNames>
<transferable>true</transferable>
<rely>false</rely>
<columnDependencyConstraintGenerateInDDL>true</columnDependencyConstraintGenerateInDDL>
</FKIndexAssociation>