<?xml version = '1.0' encoding = 'UTF-8'?>
<FKIndexAssociation class="oracle.dbtools.crest.model.design.relational.FKIndexAssociation" directorySegmentName="seg_0" id="36FB0642-CEDD-B715-452D-D5B444588515" containerWithKeyObject="481CE836-18D4-F1FA-8A10-927DCB1FE3A3" localFKIndex="2480B2B2-27E8-6311-FE18-54A974520DB4" name="mecanico_Taller_FK">
<createdBy>Paulo</createdBy>
<createdTime>2024-10-12 01:38:09 UTC</createdTime>
<generatorID>6D31FF53-4E93-8406-34E3-050403FCFD68</generatorID>
<ownerDesignName>CarMotorFix</ownerDesignName>
<referredTableLongName>Taller</referredTableLongName>
<deleteRule>NO ACTION</deleteRule>
<referredTableID>301BC1CF-234C-E798-7F4D-86473F4862F5</referredTableID>
<keyObject>92BE9B8E-BCA2-FF99-18E1-0D8D08210293</keyObject>
<referredKeyID>92BE9B8E-BCA2-FF99-18E1-0D8D08210293</referredKeyID>
<mandatory>true</mandatory>
<refColNames>ID_Taller</refColNames>
<transferable>true</transferable>
<rely>false</rely>
<columnDependencyConstraintGenerateInDDL>true</columnDependencyConstraintGenerateInDDL>
</FKIndexAssociation>