<?xml version = '1.0' encoding = 'UTF-8'?>
<FKIndexAssociation class="oracle.dbtools.crest.model.design.relational.FKIndexAssociation" directorySegmentName="seg_0" id="84D912F1-5F49-0ABA-A6D6-153118DFDFC2" containerWithKeyObject="3880A102-EFF3-4695-DFE6-5AA9CD8F3474" localFKIndex="215B12BC-4B14-FE92-2B6B-448A42DA1843" name="Vehiculos_Cliente_FK">
<createdBy>Paulo</createdBy>
<createdTime>2024-10-12 01:38:09 UTC</createdTime>
<generatorID>2948BE59-1A2E-D2A8-8BFD-0E0EF8F93CDE</generatorID>
<ownerDesignName>CarMotorFix</ownerDesignName>
<referredTableLongName>Cliente</referredTableLongName>
<deleteRule>NO ACTION</deleteRule>
<referredTableID>61597A0B-29E5-C8A6-7EA2-C5EBC88825C2</referredTableID>
<keyObject>3B347042-DCF4-2023-FFBB-5DAA4546E3AE</keyObject>
<referredKeyID>3B347042-DCF4-2023-FFBB-5DAA4546E3AE</referredKeyID>
<mandatory>true</mandatory>
<refColNames>ID_Cliente</refColNames>
<transferable>true</transferable>
<rely>false</rely>
<columnDependencyConstraintGenerateInDDL>true</columnDependencyConstraintGenerateInDDL>
</FKIndexAssociation>