<?xml version = '1.0' encoding = 'UTF-8'?>
<FKIndexAssociation class="oracle.dbtools.crest.model.design.relational.FKIndexAssociation" directorySegmentName="seg_0" id="BBA3C9E1-AA57-268D-B52F-8ECC67EDF9E5" containerWithKeyObject="21319FA6-A3EE-2666-B408-132961F0AAE0" localFKIndex="59A0CD49-5FE1-6767-4DED-B19C1B8E510E" name="Relation_33_Orden_trabajo_FK">
<createdBy>Paulo</createdBy>
<createdTime>2024-10-12 01:38:09 UTC</createdTime>
<generatorID>7F604356-34E3-D3D6-F979-24A5B84D71D2</generatorID>
<ownerDesignName>CarMotorFix</ownerDesignName>
<referredTableLongName>Orden_trabajo</referredTableLongName>
<deleteRule>NO ACTION</deleteRule>
<referredTableID>13F9FC61-5888-5EB8-20FD-44094461A7A8</referredTableID>
<keyObject>A23DC5A3-BD10-2A11-2D3C-1E68DCE94DF2</keyObject>
<referredKeyID>A23DC5A3-BD10-2A11-2D3C-1E68DCE94DF2</referredKeyID>
<mandatory>true</mandatory>
<refColNames>Id_OT,Vehiculos_ID_vehiculo,Vehiculos_Cliente_ID_Cliente,mecanico_ID_Mecanico,Clasificacion_OT_Id_clas</refColNames>
<transferable>true</transferable>
<rely>false</rely>
<columnDependencyConstraintGenerateInDDL>true</columnDependencyConstraintGenerateInDDL>
</FKIndexAssociation>