<?xml version = '1.0' encoding = 'UTF-8'?>
<FKIndexAssociation class="oracle.dbtools.crest.model.design.relational.FKIndexAssociation" directorySegmentName="seg_0" id="C047B644-3B17-752B-9FC2-0F2143F4F102" containerWithKeyObject="F280AC7E-6F0F-9D00-F717-1B0363C2CD52" localFKIndex="33A0DBAA-FB8F-423F-F4F7-F11AA68295BA" name="Ciudad_Region_FK">
<createdBy>Paulo</createdBy>
<createdTime>2024-10-12 01:38:10 UTC</createdTime>
<generatorID>DE284F37-6B3B-4F68-DD12-C51FF99D9D34</generatorID>
<ownerDesignName>CarMotorFix</ownerDesignName>
<referredTableLongName>Region</referredTableLongName>
<deleteRule>NO ACTION</deleteRule>
<referredTableID>B12EAD7F-D3D4-4B5C-174F-A0470520265E</referredTableID>
<keyObject>F48E8EC1-DBFD-FB88-42E7-6124EA4D780E</keyObject>
<referredKeyID>F48E8EC1-DBFD-FB88-42E7-6124EA4D780E</referredKeyID>
<mandatory>true</mandatory>
<refColNames>Cod_region</refColNames>
<transferable>true</transferable>
<rely>false</rely>
<columnDependencyConstraintGenerateInDDL>true</columnDependencyConstraintGenerateInDDL>
</FKIndexAssociation>