<?xml version = '1.0' encoding = 'UTF-8'?>
<FKIndexAssociation class="oracle.dbtools.crest.model.design.relational.FKIndexAssociation" directorySegmentName="seg_0" id="CB098083-9F25-2740-B20E-9D692C9A1C28" containerWithKeyObject="13F9FC61-5888-5EB8-20FD-44094461A7A8" localFKIndex="BF0776BC-75C9-EA72-20EB-D7F3D106A405" name="Orden_trabajo_mecanico_FK">
<createdBy>Paulo</createdBy>
<createdTime>2024-10-12 01:38:10 UTC</createdTime>
<generatorID>DBB712E9-C757-7F27-676C-2BBA5484C7A4</generatorID>
<ownerDesignName>CarMotorFix</ownerDesignName>
<referredTableLongName>mecanico</referredTableLongName>
<deleteRule>NO ACTION</deleteRule>
<referredTableID>481CE836-18D4-F1FA-8A10-927DCB1FE3A3</referredTableID>
<keyObject>0138974C-2E1C-0357-7380-66B2FA318F2A</keyObject>
<referredKeyID>0138974C-2E1C-0357-7380-66B2FA318F2A</referredKeyID>
<mandatory>true</mandatory>
<refColNames>ID_Mecanico</refColNames>
<transferable>true</transferable>
<rely>false</rely>
<columnDependencyConstraintGenerateInDDL>true</columnDependencyConstraintGenerateInDDL>
</FKIndexAssociation>