<?xml version = '1.0' encoding = 'UTF-8'?>
<FKIndexAssociation class="oracle.dbtools.crest.model.design.relational.FKIndexAssociation" directorySegmentName="seg_0" id="FF3CECA0-3BF0-A4AD-C093-30FFEE048580" containerWithKeyObject="3880A102-EFF3-4695-DFE6-5AA9CD8F3474" localFKIndex="BCDEE532-F596-FEC1-BE26-5F2CA2DC448D" name="Vehiculos_Tp_vehiculo_FK">
<createdBy>Paulo</createdBy>
<createdTime>2024-10-12 01:38:09 UTC</createdTime>
<generatorID>44BB1F77-DCBE-87DE-2274-5CFF34AB4187</generatorID>
<ownerDesignName>CarMotorFix</ownerDesignName>
<referredTableLongName>Tp_vehiculo</referredTableLongName>
<deleteRule>NO ACTION</deleteRule>
<referredTableID>CA24DE73-F6D0-8BCB-D605-61A534FA672F</referredTableID>
<keyObject>EBA6E25C-5AD6-B1E7-4F7A-1D72502A7C02</keyObject>
<referredKeyID>EBA6E25C-5AD6-B1E7-4F7A-1D72502A7C02</referredKeyID>
<mandatory>true</mandatory>
<refColNames>Id_tp_vehiculo</refColNames>
<transferable>true</transferable>
<rely>false</rely>
<columnDependencyConstraintGenerateInDDL>true</columnDependencyConstraintGenerateInDDL>
</FKIndexAssociation>