<?xml version = '1.0' encoding = 'UTF-8'?>
<Entity class="oracle.dbtools.crest.model.design.logical.Entity" directorySegmentName="seg_0" id="08161173-36E3-FF07-8182-6F7A2CBEAF9A" name="Servicios">
<createdBy>paulo</createdBy>
<createdTime>2024-10-07 02:09:17 UTC</createdTime>
<ownerDesignName>modelo de datos</ownerDesignName>
<engineerTo>
<item key="58B6D257-61E5-3D75-9100-A8A21C1D7F70" value="true"/>
</engineerTo>
<adequatelyNormalized>NO</adequatelyNormalized>
<expectedVolumes>0</expectedVolumes>
<fwdEngineeringStrategyName>Single Table</fwdEngineeringStrategyName>
<growthPercent>0</growthPercent>
<growthType>Year</growthType>
<maxVolumes>9999999</maxVolumes>
<minVolumes>0</minVolumes>
<normalForm>Third</normalForm>
<attributes itemClass="oracle.dbtools.crest.model.design.logical.Attribute">
<Attribute name="Id_servicio" id="1A6FB71B-65F4-6111-253D-2CCFDCBAA179">
<createdBy>paulo</createdBy>
<createdTime>2024-10-07 02:09:25 UTC</createdTime>
<ownerDesignName>modelo de datos</ownerDesignName>
<engineerTo>
<item key="58B6D257-61E5-3D75-9100-A8A21C1D7F70" value="true"/>
</engineerTo>
<useDomainConstraints>false</useDomainConstraints>
<use>1</use>
<logicalDatatype>LOGDT019</logicalDatatype>
<dataTypePrecision>20</dataTypePrecision>
<ownDataTypeParameters>,20,</ownDataTypeParameters>
</Attribute>
<Attribute name="Descripcion" id="D2C41851-77E4-7EF5-4917-8558CF7332BC">
<createdBy>paulo</createdBy>
<createdTime>2024-10-07 02:09:25 UTC</createdTime>
<ownerDesignName>modelo de datos</ownerDesignName>
<engineerTo>
<item key="58B6D257-61E5-3D75-9100-A8A21C1D7F70" value="true"/>
</engineerTo>
<useDomainConstraints>false</useDomainConstraints>
<use>1</use>
<logicalDatatype>LOGDT024</logicalDatatype>
<dataTypeSize>200</dataTypeSize>
<ownDataTypeParameters>200,,</ownDataTypeParameters>
</Attribute>
<Attribute name="Productos" id="B158B756-A30B-2EAC-921E-54B3154D0B9F">
<createdBy>paulo</createdBy>
<createdTime>2024-10-07 02:09:25 UTC</createdTime>
<ownerDesignName>modelo de datos</ownerDesignName>
<engineerTo>
<item key="58B6D257-61E5-3D75-9100-A8A21C1D7F70" value="true"/>
</engineerTo>
<useDomainConstraints>false</useDomainConstraints>
<use>1</use>
<logicalDatatype>LOGDT024</logicalDatatype>
<dataTypeSize>40</dataTypeSize>
<ownDataTypeParameters>40,,</ownDataTypeParameters>
</Attribute>
<Attribute name="Cod_servicio" id="D9138F50-7E24-17D7-AE4C-BBBD0513551E">
<createdBy>paulo</createdBy>
<createdTime>2024-10-07 02:17:34 UTC</createdTime>
<generatorID>DDEC6D5A-C7E9-CDFA-6C43-4AD91D4B485E</generatorID>
<ownerDesignName>modelo de datos</ownerDesignName>
<engineerTo>
<item key="58B6D257-61E5-3D75-9100-A8A21C1D7F70" value="true"/>
</engineerTo>
<referedAttribute>A99C97A1-26CA-FE48-8ED9-AEA630281FAA</referedAttribute>
<use>0</use>
<ownDataTypeParameters>,,</ownDataTypeParameters>
</Attribute>
</attributes>
<identifiers itemClass="oracle.dbtools.crest.model.design.logical.CandidateKey">
<identifier id="2DDC04C8-5A37-2A01-7E41-9129D52E81EB" name="Servicios PK">
<createdBy>paulo</createdBy>
<createdTime>2024-10-07 02:15:08 UTC</createdTime>
<ownerDesignName>modelo de datos</ownerDesignName>
<engineerTo>
<item key="58B6D257-61E5-3D75-9100-A8A21C1D7F70" value="true"/>
</engineerTo>
<pk>true</pk>
<usedAttributes>
<attributeRef>1A6FB71B-65F4-6111-253D-2CCFDCBAA179</attributeRef>
<attributeRef>D9138F50-7E24-17D7-AE4C-BBBD0513551E</attributeRef>
</usedAttributes>
</identifier>
</identifiers>
</Entity>