<?xml version = '1.0' encoding = 'UTF-8'?>
<Entity class="oracle.dbtools.crest.model.design.logical.Entity" directorySegmentName="seg_0" id="19A8F473-931D-717F-64DD-CA89DDD83EBC" name="historial">
<createdBy>paulo</createdBy>
<createdTime>2024-10-07 01:58:05 UTC</createdTime>
<ownerDesignName>modelo de datos</ownerDesignName>
<engineerTo>
<item key="58B6D257-61E5-3D75-9100-A8A21C1D7F70" value="true"/>
</engineerTo>
<adequatelyNormalized>NO</adequatelyNormalized>
<expectedVolumes>0</expectedVolumes>
<fwdEngineeringStrategyName>Single Table</fwdEngineeringStrategyName>
<growthPercent>0</growthPercent>
<growthType>Year</growthType>
<maxVolumes>9999999</maxVolumes>
<minVolumes>0</minVolumes>
<normalForm>Third</normalForm>
<attributes itemClass="oracle.dbtools.crest.model.design.logical.Attribute">
<Attribute name="Id_OT" id="9F2A3B3C-D704-84A2-C218-0C4F254B9510">
<createdBy>paulo</createdBy>
<createdTime>2024-10-07 01:58:23 UTC</createdTime>
<generatorID>E725624F-AF30-F93E-D481-51037E828D58</generatorID>
<ownerDesignName>modelo de datos</ownerDesignName>
<engineerTo>
<item key="58B6D257-61E5-3D75-9100-A8A21C1D7F70" value="true"/>
</engineerTo>
<referedAttribute>855B76FD-DAC0-0B2F-5FDF-75633C673948</referedAttribute>
<useDomainConstraints>false</useDomainConstraints>
<use>1</use>
<logicalDatatype>LOGDT019</logicalDatatype>
<dataTypePrecision>10</dataTypePrecision>
<ownDataTypeParameters>,,</ownDataTypeParameters>
</Attribute>
<Attribute name="ID_Mecanico" id="D32A4D2B-6F1A-73DD-184F-FB45541D342D">
<createdBy>paulo</createdBy>
<createdTime>2024-10-07 01:58:23 UTC</createdTime>
<generatorID>E725624F-AF30-F93E-D481-51037E828D58</generatorID>
<ownerDesignName>modelo de datos</ownerDesignName>
<engineerTo>
<item key="58B6D257-61E5-3D75-9100-A8A21C1D7F70" value="true"/>
</engineerTo>
<referedAttribute>E624A356-1CFA-A063-7CC5-83D4AF20AA5B</referedAttribute>
<useDomainConstraints>false</useDomainConstraints>
<use>1</use>
<logicalDatatype>LOGDT019</logicalDatatype>
<dataTypePrecision>30</dataTypePrecision>
<ownDataTypeParameters>,,</ownDataTypeParameters>
</Attribute>
<Attribute name="ID_Taller" id="8BB4884C-BAEF-61A2-9F65-E66FACD29564">
<createdBy>paulo</createdBy>
<createdTime>2024-10-07 01:58:23 UTC</createdTime>
<generatorID>E725624F-AF30-F93E-D481-51037E828D58</generatorID>
<ownerDesignName>modelo de datos</ownerDesignName>
<engineerTo>
<item key="58B6D257-61E5-3D75-9100-A8A21C1D7F70" value="true"/>
</engineerTo>
<referedAttribute>AAC7A603-1421-E62C-8521-2E039277002C</referedAttribute>
<useDomainConstraints>false</useDomainConstraints>
<use>1</use>
<logicalDatatype>LOGDT019</logicalDatatype>
<dataTypePrecision>10</dataTypePrecision>
<ownDataTypeParameters>,,</ownDataTypeParameters>
</Attribute>
<Attribute name="Cod_ciudad" id="3E8577AB-ADF4-CA68-ED3E-BCA388157B62">
<createdBy>paulo</createdBy>
<createdTime>2024-10-07 01:58:23 UTC</createdTime>
<generatorID>E725624F-AF30-F93E-D481-51037E828D58</generatorID>
<ownerDesignName>modelo de datos</ownerDesignName>
<engineerTo>
<item key="58B6D257-61E5-3D75-9100-A8A21C1D7F70" value="true"/>
</engineerTo>
<referedAttribute>C2B3D1FA-D298-AF33-5A2B-1C7DF9BE3FC6</referedAttribute>
<use>0</use>
<ownDataTypeParameters>,,</ownDataTypeParameters>
</Attribute>
<Attribute name="Cod_region" id="D9D89C92-580B-F077-1E90-A46E1326E17C">
<createdBy>paulo</createdBy>
<createdTime>2024-10-07 01:58:23 UTC</createdTime>
<generatorID>E725624F-AF30-F93E-D481-51037E828D58</generatorID>
<ownerDesignName>modelo de datos</ownerDesignName>
<engineerTo>
<item key="58B6D257-61E5-3D75-9100-A8A21C1D7F70" value="true"/>
</engineerTo>
<referedAttribute>3D238E91-F070-9B26-5B8B-E88E86B77BB8</referedAttribute>
<useDomainConstraints>false</useDomainConstraints>
<use>1</use>
<logicalDatatype>LOGDT019</logicalDatatype>
<dataTypePrecision>20</dataTypePrecision>
<ownDataTypeParameters>,,</ownDataTypeParameters>
</Attribute>
<Attribute name="ID_usuario" id="DC7F7EA4-7148-C272-3117-FDA60FFE56AB">
<createdBy>paulo</createdBy>
<createdTime>2024-10-07 01:58:30 UTC</createdTime>
<generatorID>44403E1B-563D-2972-3ECB-39311C24F1E1</generatorID>
<ownerDesignName>modelo de datos</ownerDesignName>
<engineerTo>
<item key="58B6D257-61E5-3D75-9100-A8A21C1D7F70" value="true"/>
</engineerTo>
<referedAttribute>36FB233A-B344-4EF4-E649-A9A73D234DBA</referedAttribute>
<useDomainConstraints>false</useDomainConstraints>
<use>1</use>
<logicalDatatype>LOGDT019</logicalDatatype>
<dataTypePrecision>30</dataTypePrecision>
<ownDataTypeParameters>,,</ownDataTypeParameters>
</Attribute>
</attributes>
<identifiers itemClass="oracle.dbtools.crest.model.design.logical.CandidateKey">
<identifier id="C6D4D3A1-560D-471F-D3DE-7D300DE5C916" name="historial PK">
<createdBy>paulo</createdBy>
<createdTime>2024-10-07 01:58:23 UTC</createdTime>
<ownerDesignName>modelo de datos</ownerDesignName>
<engineerTo>
<item key="58B6D257-61E5-3D75-9100-A8A21C1D7F70" value="true"/>
</engineerTo>
<pk>true</pk>
<usedAttributes>
<attributeRef>9F2A3B3C-D704-84A2-C218-0C4F254B9510</attributeRef>
<attributeRef>D32A4D2B-6F1A-73DD-184F-FB45541D342D</attributeRef>
<attributeRef>8BB4884C-BAEF-61A2-9F65-E66FACD29564</attributeRef>
<attributeRef>3E8577AB-ADF4-CA68-ED3E-BCA388157B62</attributeRef>
<attributeRef>D9D89C92-580B-F077-1E90-A46E1326E17C</attributeRef>
<attributeRef>DC7F7EA4-7148-C272-3117-FDA60FFE56AB</attributeRef>
</usedAttributes>
</identifier>
</identifiers>
</Entity>