<?xml version = '1.0' encoding = 'UTF-8'?>
<Entity class="oracle.dbtools.crest.model.design.logical.Entity" directorySegmentName="seg_0" id="2E4DC5C5-DF7B-2B31-2F98-BF415D1E0F5E" name="Gerente">
<createdBy>paulo</createdBy>
<createdTime>2024-10-07 01:06:10 UTC</createdTime>
<ownerDesignName>modelo de datos</ownerDesignName>
<engineerTo>
<item key="58B6D257-61E5-3D75-9100-A8A21C1D7F70" value="true"/>
</engineerTo>
<adequatelyNormalized>NO</adequatelyNormalized>
<expectedVolumes>0</expectedVolumes>
<fwdEngineeringStrategyName>Single Table</fwdEngineeringStrategyName>
<growthPercent>0</growthPercent>
<growthType>Year</growthType>
<maxVolumes>9999999</maxVolumes>
<minVolumes>0</minVolumes>
<normalForm>Third</normalForm>
<attributes itemClass="oracle.dbtools.crest.model.design.logical.Attribute">
<Attribute name="ID" id="3765C347-5F8B-352B-85E6-2A4F39F4F2ED">
<createdBy>paulo</createdBy>
<createdTime>2024-10-07 01:06:10 UTC</createdTime>
<ownerDesignName>modelo de datos</ownerDesignName>
<engineerTo>
<item key="58B6D257-61E5-3D75-9100-A8A21C1D7F70" value="true"/>
</engineerTo>
<useDomainConstraints>false</useDomainConstraints>
<use>1</use>
<logicalDatatype>LOGDT019</logicalDatatype>
<dataTypePrecision>30</dataTypePrecision>
<ownDataTypeParameters>,30,</ownDataTypeParameters>
</Attribute>
<Attribute name="Rut" id="F6D82ACC-1B0D-F739-BC1D-BFFA3F771E76">
<createdBy>paulo</createdBy>
<createdTime>2024-10-07 01:06:10 UTC</createdTime>
<ownerDesignName>modelo de datos</ownerDesignName>
<engineerTo>
<item key="58B6D257-61E5-3D75-9100-A8A21C1D7F70" value="true"/>
</engineerTo>
<useDomainConstraints>false</useDomainConstraints>
<use>1</use>
<logicalDatatype>LOGDT019</logicalDatatype>
<dataTypePrecision>8</dataTypePrecision>
<ownDataTypeParameters>,8,</ownDataTypeParameters>
</Attribute>
<Attribute name="Num_verificador" id="751BF5AD-F7E3-9164-768D-A6FB76D48E27">
<createdBy>paulo</createdBy>
<createdTime>2024-10-07 01:06:10 UTC</createdTime>
<ownerDesignName>modelo de datos</ownerDesignName>
<engineerTo>
<item key="58B6D257-61E5-3D75-9100-A8A21C1D7F70" value="true"/>
</engineerTo>
<useDomainConstraints>false</useDomainConstraints>
<use>1</use>
<logicalDatatype>LOGDT024</logicalDatatype>
<dataTypeSize>1</dataTypeSize>
<ownDataTypeParameters>1,,</ownDataTypeParameters>
</Attribute>
<Attribute name="Prim_nom" id="D51E58AE-7AFB-A93D-9E79-648602926B3A">
<createdBy>paulo</createdBy>
<createdTime>2024-10-07 01:06:10 UTC</createdTime>
<ownerDesignName>modelo de datos</ownerDesignName>
<engineerTo>
<item key="58B6D257-61E5-3D75-9100-A8A21C1D7F70" value="true"/>
</engineerTo>
<useDomainConstraints>false</useDomainConstraints>
<use>1</use>
<logicalDatatype>LOGDT024</logicalDatatype>
<dataTypeSize>30</dataTypeSize>
<ownDataTypeParameters>30,,</ownDataTypeParameters>
</Attribute>
<Attribute name="Seg_nom" id="659CA064-DEE8-496B-C80E-46B072D0068D">
<createdBy>paulo</createdBy>
<createdTime>2024-10-07 01:06:10 UTC</createdTime>
<commentInRDBMS><![CDATA[El segundo nombre no es obligatorio ya que algunas personas no las tienen]]></commentInRDBMS>
<ownerDesignName>modelo de datos</ownerDesignName>
<engineerTo>
<item key="58B6D257-61E5-3D75-9100-A8A21C1D7F70" value="true"/>
</engineerTo>
<nullsAllowed>true</nullsAllowed>
<useDomainConstraints>false</useDomainConstraints>
<use>1</use>
<logicalDatatype>LOGDT024</logicalDatatype>
<dataTypeSize>30</dataTypeSize>
<ownDataTypeParameters>30,,</ownDataTypeParameters>
</Attribute>
<Attribute name="Prim_ap" id="84FF9848-34DB-19A4-E9A9-EF08340AC58B">
<createdBy>paulo</createdBy>
<createdTime>2024-10-07 01:06:10 UTC</createdTime>
<ownerDesignName>modelo de datos</ownerDesignName>
<engineerTo>
<item key="58B6D257-61E5-3D75-9100-A8A21C1D7F70" value="true"/>
</engineerTo>
<useDomainConstraints>false</useDomainConstraints>
<use>1</use>
<logicalDatatype>LOGDT024</logicalDatatype>
<dataTypeSize>40</dataTypeSize>
<ownDataTypeParameters>40,,</ownDataTypeParameters>
</Attribute>
<Attribute name="Seg_ap" id="BB422740-D73A-526D-91B5-270CD47D3F93">
<createdBy>paulo</createdBy>
<createdTime>2024-10-07 01:06:10 UTC</createdTime>
<commentInRDBMS><![CDATA[El segundo apellido no es obligatorio ya que algunas persona no la tienen]]></commentInRDBMS>
<ownerDesignName>modelo de datos</ownerDesignName>
<engineerTo>
<item key="58B6D257-61E5-3D75-9100-A8A21C1D7F70" value="true"/>
</engineerTo>
<nullsAllowed>true</nullsAllowed>
<useDomainConstraints>false</useDomainConstraints>
<use>1</use>
<logicalDatatype>LOGDT024</logicalDatatype>
<dataTypeSize>40</dataTypeSize>
<ownDataTypeParameters>40,,</ownDataTypeParameters>
</Attribute>
<Attribute name="correo" id="065FCB8F-59F4-3074-1419-7C4DDA5CF1EA">
<createdBy>paulo</createdBy>
<createdTime>2024-10-07 01:06:10 UTC</createdTime>
<commentInRDBMS><![CDATA[El correo es necesario que tenga como obligacion el @ y el .]]></commentInRDBMS>
<ownerDesignName>modelo de datos</ownerDesignName>
<engineerTo>
<item key="58B6D257-61E5-3D75-9100-A8A21C1D7F70" value="true"/>
</engineerTo>
<useDomainConstraints>false</useDomainConstraints>
<use>1</use>
<logicalDatatype>LOGDT024</logicalDatatype>
<dataTypeSize>40</dataTypeSize>
<ownDataTypeParameters>40,,</ownDataTypeParameters>
</Attribute>
<Attribute name="Contraseña" id="EAB49F01-4E05-B7B4-B616-CD477297A5D1">
<createdBy>paulo</createdBy>
<createdTime>2024-10-07 01:06:10 UTC</createdTime>
<commentInRDBMS><![CDATA[La contraseña tiene que cumplir con la encriptacion de esta y que sea segura]]></commentInRDBMS>
<ownerDesignName>modelo de datos</ownerDesignName>
<engineerTo>
<item key="58B6D257-61E5-3D75-9100-A8A21C1D7F70" value="true"/>
</engineerTo>
<useDomainConstraints>false</useDomainConstraints>
<use>1</use>
<logicalDatatype>LOGDT024</logicalDatatype>
<dataTypeSize>40</dataTypeSize>
<ownDataTypeParameters>40,,</ownDataTypeParameters>
</Attribute>
<Attribute name="ID_Taller" id="55C5F27D-7CEA-7F1E-BAA6-88F10A3AEC26">
<createdBy>paulo</createdBy>
<createdTime>2024-10-07 01:48:17 UTC</createdTime>
<generatorID>691760AF-A999-1F9F-3B12-D3C49D365E04</generatorID>
<ownerDesignName>modelo de datos</ownerDesignName>
<engineerTo>
<item key="58B6D257-61E5-3D75-9100-A8A21C1D7F70" value="true"/>
</engineerTo>
<referedAttribute>684C69E1-949F-DB98-08B5-D68562BA7664</referedAttribute>
<useDomainConstraints>false</useDomainConstraints>
<use>1</use>
<logicalDatatype>LOGDT019</logicalDatatype>
<dataTypePrecision>10</dataTypePrecision>
<ownDataTypeParameters>,,</ownDataTypeParameters>
</Attribute>
<Attribute name="Cod_ciudad" id="F3516E37-80EC-6011-25B9-21AE6D1FA738">
<createdBy>paulo</createdBy>
<createdTime>2024-10-07 01:48:17 UTC</createdTime>
<generatorID>691760AF-A999-1F9F-3B12-D3C49D365E04</generatorID>
<ownerDesignName>modelo de datos</ownerDesignName>
<engineerTo>
<item key="58B6D257-61E5-3D75-9100-A8A21C1D7F70" value="true"/>
</engineerTo>
<referedAttribute>DDC254A5-E3E4-D32F-890C-FC4754E39712</referedAttribute>
<use>0</use>
<ownDataTypeParameters>,,</ownDataTypeParameters>
</Attribute>
<Attribute name="Cod_region" id="A66B55C1-07C7-FF26-A687-E624FF217319">
<createdBy>paulo</createdBy>
<createdTime>2024-10-07 01:48:17 UTC</createdTime>
<generatorID>691760AF-A999-1F9F-3B12-D3C49D365E04</generatorID>
<ownerDesignName>modelo de datos</ownerDesignName>
<engineerTo>
<item key="58B6D257-61E5-3D75-9100-A8A21C1D7F70" value="true"/>
</engineerTo>
<referedAttribute>0DAAC259-8C69-AFFB-27B4-0186C324DD29</referedAttribute>
<useDomainConstraints>false</useDomainConstraints>
<use>1</use>
<logicalDatatype>LOGDT019</logicalDatatype>
<dataTypePrecision>20</dataTypePrecision>
<ownDataTypeParameters>,,</ownDataTypeParameters>
</Attribute>
</attributes>
<identifiers itemClass="oracle.dbtools.crest.model.design.logical.CandidateKey">
<identifier id="3206E0F9-2085-7F74-A2F2-CF30E6D5027D" name="Nombre PK">
<createdBy>paulo</createdBy>
<createdTime>2024-10-07 01:06:10 UTC</createdTime>
<ownerDesignName>modelo de datos</ownerDesignName>
<engineerTo>
<item key="58B6D257-61E5-3D75-9100-A8A21C1D7F70" value="true"/>
</engineerTo>
<pk>true</pk>
<usedAttributes>
<attributeRef>3765C347-5F8B-352B-85E6-2A4F39F4F2ED</attributeRef>
</usedAttributes>
</identifier>
</identifiers>
</Entity>