<?xml version = '1.0' encoding = 'UTF-8'?>
<Entity class="oracle.dbtools.crest.model.design.logical.Entity" directorySegmentName="seg_0" id="42381D29-43D6-ED81-6521-83949F7DCF5A" name="User">
<createdBy>paulo</createdBy>
<createdTime>2024-10-07 01:00:18 UTC</createdTime>
<ownerDesignName>modelo de datos</ownerDesignName>
<engineerTo>
<item key="58B6D257-61E5-3D75-9100-A8A21C1D7F70" value="true"/>
</engineerTo>
<adequatelyNormalized>NO</adequatelyNormalized>
<expectedVolumes>0</expectedVolumes>
<fwdEngineeringStrategyName>Single Table</fwdEngineeringStrategyName>
<growthPercent>0</growthPercent>
<growthType>Year</growthType>
<maxVolumes>9999999</maxVolumes>
<minVolumes>0</minVolumes>
<normalForm>Third</normalForm>
<attributes itemClass="oracle.dbtools.crest.model.design.logical.Attribute">
<Attribute name="ID_usuario" id="36FB233A-B344-4EF4-E649-A9A73D234DBA">
<createdBy>paulo</createdBy>
<createdTime>2024-10-07 01:00:25 UTC</createdTime>
<ownerDesignName>modelo de datos</ownerDesignName>
<engineerTo>
<item key="58B6D257-61E5-3D75-9100-A8A21C1D7F70" value="true"/>
</engineerTo>
<useDomainConstraints>false</useDomainConstraints>
<use>1</use>
<logicalDatatype>LOGDT019</logicalDatatype>
<dataTypePrecision>30</dataTypePrecision>
<ownDataTypeParameters>,30,</ownDataTypeParameters>
</Attribute>
<Attribute name="Rut" id="69A7B829-EE9A-3FBB-A33B-A775A0370F50">
<createdBy>paulo</createdBy>
<createdTime>2024-10-07 01:00:25 UTC</createdTime>
<ownerDesignName>modelo de datos</ownerDesignName>
<engineerTo>
<item key="58B6D257-61E5-3D75-9100-A8A21C1D7F70" value="true"/>
</engineerTo>
<useDomainConstraints>false</useDomainConstraints>
<use>1</use>
<logicalDatatype>LOGDT019</logicalDatatype>
<dataTypePrecision>8</dataTypePrecision>
<ownDataTypeParameters>,8,</ownDataTypeParameters>
</Attribute>
<Attribute name="Num_verificador" id="A29EB420-AB06-8EAD-12F7-2FB9FA99F3B3">
<createdBy>paulo</createdBy>
<createdTime>2024-10-07 01:00:26 UTC</createdTime>
<ownerDesignName>modelo de datos</ownerDesignName>
<engineerTo>
<item key="58B6D257-61E5-3D75-9100-A8A21C1D7F70" value="true"/>
</engineerTo>
<useDomainConstraints>false</useDomainConstraints>
<use>1</use>
<logicalDatatype>LOGDT024</logicalDatatype>
<dataTypeSize>1</dataTypeSize>
<ownDataTypeParameters>1,,</ownDataTypeParameters>
</Attribute>
<Attribute name="Prim_nom" id="EC376936-748E-ECA3-9996-D68F62CC2BFB">
<createdBy>paulo</createdBy>
<createdTime>2024-10-07 01:00:26 UTC</createdTime>
<ownerDesignName>modelo de datos</ownerDesignName>
<engineerTo>
<item key="58B6D257-61E5-3D75-9100-A8A21C1D7F70" value="true"/>
</engineerTo>
<useDomainConstraints>false</useDomainConstraints>
<use>1</use>
<logicalDatatype>LOGDT024</logicalDatatype>
<dataTypeSize>30</dataTypeSize>
<ownDataTypeParameters>30,,</ownDataTypeParameters>
</Attribute>
<Attribute name="Seg_nom" id="F4CB9F4F-F77E-A365-DAC5-E2C29627DFFD">
<createdBy>paulo</createdBy>
<createdTime>2024-10-07 01:00:26 UTC</createdTime>
<commentInRDBMS><![CDATA[El segundo nombre no es obligatorio ya que algunas personas no las tienen]]></commentInRDBMS>
<ownerDesignName>modelo de datos</ownerDesignName>
<engineerTo>
<item key="58B6D257-61E5-3D75-9100-A8A21C1D7F70" value="true"/>
</engineerTo>
<nullsAllowed>true</nullsAllowed>
<useDomainConstraints>false</useDomainConstraints>
<use>1</use>
<logicalDatatype>LOGDT024</logicalDatatype>
<dataTypeSize>30</dataTypeSize>
<ownDataTypeParameters>30,,</ownDataTypeParameters>
</Attribute>
<Attribute name="Prim_ap" id="8706A64A-724F-4BB5-DDB0-E55A76FD84A5">
<createdBy>paulo</createdBy>
<createdTime>2024-10-07 01:00:26 UTC</createdTime>
<ownerDesignName>modelo de datos</ownerDesignName>
<engineerTo>
<item key="58B6D257-61E5-3D75-9100-A8A21C1D7F70" value="true"/>
</engineerTo>
<useDomainConstraints>false</useDomainConstraints>
<use>1</use>
<logicalDatatype>LOGDT024</logicalDatatype>
<dataTypeSize>40</dataTypeSize>
<ownDataTypeParameters>40,,</ownDataTypeParameters>
</Attribute>
<Attribute name="Seg_ap" id="75D0FF1A-0E77-FDB6-1631-6E8C2DDD523C">
<createdBy>paulo</createdBy>
<createdTime>2024-10-07 01:00:26 UTC</createdTime>
<commentInRDBMS><![CDATA[El segundo apellido no es obligatorio ya que algunas persona no la tienen]]></commentInRDBMS>
<ownerDesignName>modelo de datos</ownerDesignName>
<engineerTo>
<item key="58B6D257-61E5-3D75-9100-A8A21C1D7F70" value="true"/>
</engineerTo>
<nullsAllowed>true</nullsAllowed>
<useDomainConstraints>false</useDomainConstraints>
<use>1</use>
<logicalDatatype>LOGDT024</logicalDatatype>
<dataTypeSize>40</dataTypeSize>
<ownDataTypeParameters>40,,</ownDataTypeParameters>
</Attribute>
<Attribute name="correo" id="3616C6A4-CC95-5E33-8CF5-F1A18AEC7E96">
<createdBy>paulo</createdBy>
<createdTime>2024-10-07 01:00:26 UTC</createdTime>
<commentInRDBMS><![CDATA[El correo es necesario que tenga como obligacion el @ y el .]]></commentInRDBMS>
<ownerDesignName>modelo de datos</ownerDesignName>
<engineerTo>
<item key="58B6D257-61E5-3D75-9100-A8A21C1D7F70" value="true"/>
</engineerTo>
<useDomainConstraints>false</useDomainConstraints>
<use>1</use>
<logicalDatatype>LOGDT024</logicalDatatype>
<dataTypeSize>40</dataTypeSize>
<ownDataTypeParameters>40,,</ownDataTypeParameters>
</Attribute>
<Attribute name="Contraseña" id="8369B385-405C-1C7F-1799-CF942273622A">
<createdBy>paulo</createdBy>
<createdTime>2024-10-07 01:04:11 UTC</createdTime>
<commentInRDBMS><![CDATA[La contraseña tiene que cumplir con la encriptacion de esta y que sea segura]]></commentInRDBMS>
<ownerDesignName>modelo de datos</ownerDesignName>
<engineerTo>
<item key="58B6D257-61E5-3D75-9100-A8A21C1D7F70" value="true"/>
</engineerTo>
<useDomainConstraints>false</useDomainConstraints>
<use>1</use>
<logicalDatatype>LOGDT024</logicalDatatype>
<dataTypeSize>40</dataTypeSize>
<ownDataTypeParameters>40,,</ownDataTypeParameters>
</Attribute>
</attributes>
<identifiers itemClass="oracle.dbtools.crest.model.design.logical.CandidateKey">
<identifier id="2137F129-9190-C0E8-E6C8-783DF882AFFE" name="Nombre PK">
<createdBy>paulo</createdBy>
<createdTime>2024-10-07 01:00:43 UTC</createdTime>
<ownerDesignName>modelo de datos</ownerDesignName>
<engineerTo>
<item key="58B6D257-61E5-3D75-9100-A8A21C1D7F70" value="true"/>
</engineerTo>
<pk>true</pk>
<usedAttributes>
<attributeRef>36FB233A-B344-4EF4-E649-A9A73D234DBA</attributeRef>
</usedAttributes>
</identifier>
</identifiers>
</Entity>