<?xml version = '1.0' encoding = 'UTF-8'?>
<Entity class="oracle.dbtools.crest.model.design.logical.Entity" directorySegmentName="seg_0" id="4E81F8FA-CB6F-E7E1-D112-BEA48DF5A880" name="Auto">
<createdBy>paulo</createdBy>
<createdTime>2024-10-07 01:58:44 UTC</createdTime>
<ownerDesignName>modelo de datos</ownerDesignName>
<engineerTo>
<item key="58B6D257-61E5-3D75-9100-A8A21C1D7F70" value="true"/>
</engineerTo>
<adequatelyNormalized>NO</adequatelyNormalized>
<expectedVolumes>0</expectedVolumes>
<fwdEngineeringStrategyName>Single Table</fwdEngineeringStrategyName>
<growthPercent>0</growthPercent>
<growthType>Year</growthType>
<maxVolumes>9999999</maxVolumes>
<minVolumes>0</minVolumes>
<normalForm>Third</normalForm>
<attributes itemClass="oracle.dbtools.crest.model.design.logical.Attribute">
<Attribute name="ID_vehiculo" id="67CB9B80-FE7A-0222-90CB-0F9BD34B291A">
<createdBy>paulo</createdBy>
<createdTime>2024-10-07 01:58:52 UTC</createdTime>
<ownerDesignName>modelo de datos</ownerDesignName>
<engineerTo>
<item key="58B6D257-61E5-3D75-9100-A8A21C1D7F70" value="true"/>
</engineerTo>
<useDomainConstraints>false</useDomainConstraints>
<use>1</use>
<logicalDatatype>LOGDT019</logicalDatatype>
<dataTypePrecision>10</dataTypePrecision>
<ownDataTypeParameters>,10,</ownDataTypeParameters>
</Attribute>
<Attribute name="Patente" id="B73AD863-4FD7-EBF6-BEA1-6ED7E5E714B6">
<createdBy>paulo</createdBy>
<createdTime>2024-10-07 01:58:52 UTC</createdTime>
<ownerDesignName>modelo de datos</ownerDesignName>
<engineerTo>
<item key="58B6D257-61E5-3D75-9100-A8A21C1D7F70" value="true"/>
</engineerTo>
<useDomainConstraints>false</useDomainConstraints>
<use>1</use>
<logicalDatatype>LOGDT024</logicalDatatype>
<dataTypeSize>6</dataTypeSize>
<ownDataTypeParameters>6,,</ownDataTypeParameters>
</Attribute>
<Attribute name="Marca" id="5892DCB5-7767-664A-046E-5DB9A93939F1">
<createdBy>paulo</createdBy>
<createdTime>2024-10-07 01:58:52 UTC</createdTime>
<ownerDesignName>modelo de datos</ownerDesignName>
<engineerTo>
<item key="58B6D257-61E5-3D75-9100-A8A21C1D7F70" value="true"/>
</engineerTo>
<useDomainConstraints>false</useDomainConstraints>
<use>1</use>
<logicalDatatype>LOGDT024</logicalDatatype>
<ownDataTypeParameters>,,</ownDataTypeParameters>
</Attribute>
<Attribute name="Año" id="7C52C02F-5BF1-0820-6814-F89F77A121D4">
<createdBy>paulo</createdBy>
<createdTime>2024-10-07 01:58:52 UTC</createdTime>
<ownerDesignName>modelo de datos</ownerDesignName>
<engineerTo>
<item key="58B6D257-61E5-3D75-9100-A8A21C1D7F70" value="true"/>
</engineerTo>
<useDomainConstraints>false</useDomainConstraints>
<use>1</use>
<logicalDatatype>LOGDT007</logicalDatatype>
<ownDataTypeParameters>,,</ownDataTypeParameters>
</Attribute>
<Attribute name="Kilometraje" id="53200CAC-4E16-7E9B-E80F-8EABF5EB64C9">
<createdBy>paulo</createdBy>
<createdTime>2024-10-07 01:58:53 UTC</createdTime>
<ownerDesignName>modelo de datos</ownerDesignName>
<engineerTo>
<item key="58B6D257-61E5-3D75-9100-A8A21C1D7F70" value="true"/>
</engineerTo>
<useDomainConstraints>false</useDomainConstraints>
<use>1</use>
<logicalDatatype>LOGDT019</logicalDatatype>
<dataTypePrecision>10</dataTypePrecision>
<ownDataTypeParameters>,10,</ownDataTypeParameters>
</Attribute>
<Attribute name="Modelo" id="0980C183-0965-8B13-CE2E-8A50B283E35C">
<createdBy>paulo</createdBy>
<createdTime>2024-10-07 02:04:09 UTC</createdTime>
<ownerDesignName>modelo de datos</ownerDesignName>
<engineerTo>
<item key="58B6D257-61E5-3D75-9100-A8A21C1D7F70" value="true"/>
</engineerTo>
<useDomainConstraints>false</useDomainConstraints>
<use>1</use>
<logicalDatatype>LOGDT024</logicalDatatype>
<dataTypeSize>20</dataTypeSize>
<ownDataTypeParameters>20,,</ownDataTypeParameters>
</Attribute>
<Attribute name="ID_usuario" id="92AAABD7-83D9-5E5F-377C-FDF0ED6C3032">
<createdBy>paulo</createdBy>
<createdTime>2024-10-07 02:05:19 UTC</createdTime>
<generatorID>3279431C-FAE8-28BB-B7CC-9B7437B359BE</generatorID>
<ownerDesignName>modelo de datos</ownerDesignName>
<engineerTo>
<item key="58B6D257-61E5-3D75-9100-A8A21C1D7F70" value="true"/>
</engineerTo>
<referedAttribute>36FB233A-B344-4EF4-E649-A9A73D234DBA</referedAttribute>
<useDomainConstraints>false</useDomainConstraints>
<use>1</use>
<logicalDatatype>LOGDT019</logicalDatatype>
<dataTypePrecision>30</dataTypePrecision>
<ownDataTypeParameters>,,</ownDataTypeParameters>
</Attribute>
<Attribute name="Id_tp_vehiculo" id="7E6E107D-FEEA-DDCE-6561-065AD0D1C33C">
<createdBy>paulo</createdBy>
<createdTime>2024-10-07 02:08:55 UTC</createdTime>
<generatorID>5B5B247A-3D60-4697-F198-4A4CD3B9E12A</generatorID>
<ownerDesignName>modelo de datos</ownerDesignName>
<engineerTo>
<item key="58B6D257-61E5-3D75-9100-A8A21C1D7F70" value="true"/>
</engineerTo>
<referedAttribute>1B6A6B69-BE46-028C-7EEC-4F77108B6638</referedAttribute>
<useDomainConstraints>false</useDomainConstraints>
<use>1</use>
<logicalDatatype>LOGDT019</logicalDatatype>
<dataTypePrecision>30</dataTypePrecision>
<ownDataTypeParameters>,,</ownDataTypeParameters>
</Attribute>
</attributes>
<identifiers itemClass="oracle.dbtools.crest.model.design.logical.CandidateKey">
<identifier id="54BC9C23-B91E-4899-7086-751F7EDC3537" name="Auto PK">
<createdBy>paulo</createdBy>
<createdTime>2024-10-07 02:02:33 UTC</createdTime>
<ownerDesignName>modelo de datos</ownerDesignName>
<engineerTo>
<item key="58B6D257-61E5-3D75-9100-A8A21C1D7F70" value="true"/>
</engineerTo>
<pk>true</pk>
<usedAttributes>
<attributeRef>67CB9B80-FE7A-0222-90CB-0F9BD34B291A</attributeRef>
<attributeRef>92AAABD7-83D9-5E5F-377C-FDF0ED6C3032</attributeRef>
<attributeRef>7E6E107D-FEEA-DDCE-6561-065AD0D1C33C</attributeRef>
</usedAttributes>
</identifier>
</identifiers>
</Entity>