<?xml version = '1.0' encoding = 'UTF-8'?>
<Entity class="oracle.dbtools.crest.model.design.logical.Entity" directorySegmentName="seg_0" id="515F86E1-2155-22F4-377B-694849B8ED03" name="Taller">
<createdBy>paulo</createdBy>
<createdTime>2024-10-07 01:16:10 UTC</createdTime>
<ownerDesignName>modelo de datos</ownerDesignName>
<engineerTo>
<item key="58B6D257-61E5-3D75-9100-A8A21C1D7F70" value="true"/>
</engineerTo>
<adequatelyNormalized>NO</adequatelyNormalized>
<expectedVolumes>0</expectedVolumes>
<fwdEngineeringStrategyName>Single Table</fwdEngineeringStrategyName>
<growthPercent>0</growthPercent>
<growthType>Year</growthType>
<maxVolumes>9999999</maxVolumes>
<minVolumes>0</minVolumes>
<normalForm>Third</normalForm>
<attributes itemClass="oracle.dbtools.crest.model.design.logical.Attribute">
<Attribute name="ID_Taller" id="684C69E1-949F-DB98-08B5-D68562BA7664">
<createdBy>paulo</createdBy>
<createdTime>2024-10-07 01:16:16 UTC</createdTime>
<ownerDesignName>modelo de datos</ownerDesignName>
<engineerTo>
<item key="58B6D257-61E5-3D75-9100-A8A21C1D7F70" value="true"/>
</engineerTo>
<useDomainConstraints>false</useDomainConstraints>
<use>1</use>
<logicalDatatype>LOGDT019</logicalDatatype>
<dataTypePrecision>10</dataTypePrecision>
<ownDataTypeParameters>,10,</ownDataTypeParameters>
</Attribute>
<Attribute name="Nom_taller" id="81601E95-070D-68C4-9118-181BD01AA444">
<createdBy>paulo</createdBy>
<createdTime>2024-10-07 01:16:16 UTC</createdTime>
<ownerDesignName>modelo de datos</ownerDesignName>
<engineerTo>
<item key="58B6D257-61E5-3D75-9100-A8A21C1D7F70" value="true"/>
</engineerTo>
<use>0</use>
<ownDataTypeParameters>,,</ownDataTypeParameters>
</Attribute>
<Attribute name="Dirrec_taller" id="1B742A07-1263-AF33-8A23-069D93D7CE54">
<createdBy>paulo</createdBy>
<createdTime>2024-10-07 01:16:16 UTC</createdTime>
<ownerDesignName>modelo de datos</ownerDesignName>
<engineerTo>
<item key="58B6D257-61E5-3D75-9100-A8A21C1D7F70" value="true"/>
</engineerTo>
<use>0</use>
<ownDataTypeParameters>,,</ownDataTypeParameters>
</Attribute>
<Attribute name="Cod_ciudad" id="DDC254A5-E3E4-D32F-890C-FC4754E39712">
<createdBy>paulo</createdBy>
<createdTime>2024-10-07 01:41:16 UTC</createdTime>
<generatorID>5858640B-FACF-774F-2E93-FC35E4E16CF2</generatorID>
<ownerDesignName>modelo de datos</ownerDesignName>
<engineerTo>
<item key="58B6D257-61E5-3D75-9100-A8A21C1D7F70" value="true"/>
</engineerTo>
<referedAttribute>4EBC75F8-156C-94FD-4EF7-5C24819F723C</referedAttribute>
<use>0</use>
<ownDataTypeParameters>,,</ownDataTypeParameters>
</Attribute>
<Attribute name="Cod_region" id="0DAAC259-8C69-AFFB-27B4-0186C324DD29">
<createdBy>paulo</createdBy>
<createdTime>2024-10-07 01:41:16 UTC</createdTime>
<generatorID>5858640B-FACF-774F-2E93-FC35E4E16CF2</generatorID>
<ownerDesignName>modelo de datos</ownerDesignName>
<engineerTo>
<item key="58B6D257-61E5-3D75-9100-A8A21C1D7F70" value="true"/>
</engineerTo>
<referedAttribute>D48819B2-170E-E228-0A6E-D2BA37F11BE5</referedAttribute>
<useDomainConstraints>false</useDomainConstraints>
<use>1</use>
<logicalDatatype>LOGDT019</logicalDatatype>
<dataTypePrecision>20</dataTypePrecision>
<ownDataTypeParameters>,,</ownDataTypeParameters>
</Attribute>
<Attribute name="ID" id="0012346E-29A6-C49E-40F0-0B2B828BB960">
<createdBy>paulo</createdBy>
<createdTime>2024-10-07 01:48:07 UTC</createdTime>
<generatorID>691760AF-A999-1F9F-3B12-D3C49D365E04</generatorID>
<ownerDesignName>modelo de datos</ownerDesignName>
<engineerTo>
<item key="58B6D257-61E5-3D75-9100-A8A21C1D7F70" value="true"/>
</engineerTo>
<referedAttribute>3765C347-5F8B-352B-85E6-2A4F39F4F2ED</referedAttribute>
<useDomainConstraints>false</useDomainConstraints>
<use>1</use>
<logicalDatatype>LOGDT019</logicalDatatype>
<dataTypePrecision>30</dataTypePrecision>
<ownDataTypeParameters>,,</ownDataTypeParameters>
</Attribute>
</attributes>
<identifiers itemClass="oracle.dbtools.crest.model.design.logical.CandidateKey">
<identifier id="76E13309-EF0C-3B55-07DA-2871299F7503" name="Taller PK">
<createdBy>paulo</createdBy>
<createdTime>2024-10-07 01:16:51 UTC</createdTime>
<ownerDesignName>modelo de datos</ownerDesignName>
<engineerTo>
<item key="58B6D257-61E5-3D75-9100-A8A21C1D7F70" value="true"/>
</engineerTo>
<pk>true</pk>
<usedAttributes>
<attributeRef>684C69E1-949F-DB98-08B5-D68562BA7664</attributeRef>
<attributeRef>DDC254A5-E3E4-D32F-890C-FC4754E39712</attributeRef>
<attributeRef>0DAAC259-8C69-AFFB-27B4-0186C324DD29</attributeRef>
</usedAttributes>
</identifier>
</identifiers>
</Entity>