<?xml version = '1.0' encoding = 'UTF-8'?>
<Entity class="oracle.dbtools.crest.model.design.logical.Entity" directorySegmentName="seg_0" id="538C74F7-FA53-CE15-5585-8B17340A593C" name="Ciudad">
<createdBy>paulo</createdBy>
<createdTime>2024-10-07 01:07:15 UTC</createdTime>
<ownerDesignName>modelo de datos</ownerDesignName>
<engineerTo>
<item key="58B6D257-61E5-3D75-9100-A8A21C1D7F70" value="true"/>
</engineerTo>
<adequatelyNormalized>NO</adequatelyNormalized>
<expectedVolumes>0</expectedVolumes>
<fwdEngineeringStrategyName>Single Table</fwdEngineeringStrategyName>
<growthPercent>0</growthPercent>
<growthType>Year</growthType>
<maxVolumes>9999999</maxVolumes>
<minVolumes>0</minVolumes>
<normalForm>Third</normalForm>
<attributes itemClass="oracle.dbtools.crest.model.design.logical.Attribute">
<Attribute name="Cod_ciudad" id="4EBC75F8-156C-94FD-4EF7-5C24819F723C">
<createdBy>paulo</createdBy>
<createdTime>2024-10-07 01:07:25 UTC</createdTime>
<ownerDesignName>modelo de datos</ownerDesignName>
<engineerTo>
<item key="58B6D257-61E5-3D75-9100-A8A21C1D7F70" value="true"/>
</engineerTo>
<use>0</use>
<ownDataTypeParameters>,,</ownDataTypeParameters>
</Attribute>
<Attribute name="Nombre_ciudad" id="98F5836D-3DF7-D5C7-0D3D-1D331762D440">
<createdBy>paulo</createdBy>
<createdTime>2024-10-07 01:07:25 UTC</createdTime>
<ownerDesignName>modelo de datos</ownerDesignName>
<engineerTo>
<item key="58B6D257-61E5-3D75-9100-A8A21C1D7F70" value="true"/>
</engineerTo>
<use>0</use>
<ownDataTypeParameters>,,</ownDataTypeParameters>
</Attribute>
<Attribute name="Cod_region" id="D48819B2-170E-E228-0A6E-D2BA37F11BE5">
<createdBy>paulo</createdBy>
<createdTime>2024-10-07 01:22:02 UTC</createdTime>
<generatorID>3A87313E-E5C9-CF01-B55F-875B9B798206</generatorID>
<ownerDesignName>modelo de datos</ownerDesignName>
<engineerTo>
<item key="58B6D257-61E5-3D75-9100-A8A21C1D7F70" value="true"/>
</engineerTo>
<referedAttribute>B757268D-952F-7C44-CC6D-35F05D68AD43</referedAttribute>
<useDomainConstraints>false</useDomainConstraints>
<use>1</use>
<logicalDatatype>LOGDT019</logicalDatatype>
<dataTypePrecision>20</dataTypePrecision>
<ownDataTypeParameters>,,</ownDataTypeParameters>
</Attribute>
</attributes>
<identifiers itemClass="oracle.dbtools.crest.model.design.logical.CandidateKey">
<identifier id="91AC4A7B-5571-3C18-A021-65EE04A3CB14" name="Ciudad PK">
<createdBy>paulo</createdBy>
<createdTime>2024-10-07 01:07:36 UTC</createdTime>
<ownerDesignName>modelo de datos</ownerDesignName>
<engineerTo>
<item key="58B6D257-61E5-3D75-9100-A8A21C1D7F70" value="true"/>
</engineerTo>
<pk>true</pk>
<usedAttributes>
<attributeRef>4EBC75F8-156C-94FD-4EF7-5C24819F723C</attributeRef>
<attributeRef>D48819B2-170E-E228-0A6E-D2BA37F11BE5</attributeRef>
</usedAttributes>
</identifier>
</identifiers>
</Entity>