<?xml version = '1.0' encoding = 'UTF-8'?>
<Entity class="oracle.dbtools.crest.model.design.logical.Entity" directorySegmentName="seg_0" id="82CB4FEB-8F91-B2F6-DB0A-F0269FF1583A" name="Mecanico_Servicio">
<createdBy>paulo</createdBy>
<createdTime>2024-10-07 02:16:22 UTC</createdTime>
<ownerDesignName>modelo de datos</ownerDesignName>
<engineerTo>
<item key="58B6D257-61E5-3D75-9100-A8A21C1D7F70" value="true"/>
</engineerTo>
<adequatelyNormalized>NO</adequatelyNormalized>
<expectedVolumes>0</expectedVolumes>
<fwdEngineeringStrategyName>Single Table</fwdEngineeringStrategyName>
<growthPercent>0</growthPercent>
<growthType>Year</growthType>
<maxVolumes>9999999</maxVolumes>
<minVolumes>0</minVolumes>
<normalForm>Third</normalForm>
<attributes itemClass="oracle.dbtools.crest.model.design.logical.Attribute">
<Attribute name="ID_Mecanico" id="CD013DB2-6434-E5E7-35A0-AE85FBE3CD59">
<createdBy>paulo</createdBy>
<createdTime>2024-10-07 02:16:55 UTC</createdTime>
<generatorID>96C9B56C-AA43-985E-A3A2-1FDC4356F3F6</generatorID>
<ownerDesignName>modelo de datos</ownerDesignName>
<engineerTo>
<item key="58B6D257-61E5-3D75-9100-A8A21C1D7F70" value="true"/>
</engineerTo>
<referedAttribute>D092B664-FA86-13F5-C132-398F6E7A7912</referedAttribute>
<useDomainConstraints>false</useDomainConstraints>
<use>1</use>
<logicalDatatype>LOGDT019</logicalDatatype>
<dataTypePrecision>30</dataTypePrecision>
<ownDataTypeParameters>,,</ownDataTypeParameters>
</Attribute>
<Attribute name="ID_Taller" id="16C2E400-6D03-6730-0A95-72C330CBC7D1">
<createdBy>paulo</createdBy>
<createdTime>2024-10-07 02:16:55 UTC</createdTime>
<generatorID>96C9B56C-AA43-985E-A3A2-1FDC4356F3F6</generatorID>
<ownerDesignName>modelo de datos</ownerDesignName>
<engineerTo>
<item key="58B6D257-61E5-3D75-9100-A8A21C1D7F70" value="true"/>
</engineerTo>
<referedAttribute>438A48B9-8568-F2A5-1DC0-B3DC6A9B3977</referedAttribute>
<useDomainConstraints>false</useDomainConstraints>
<use>1</use>
<logicalDatatype>LOGDT019</logicalDatatype>
<dataTypePrecision>10</dataTypePrecision>
<ownDataTypeParameters>,,</ownDataTypeParameters>
</Attribute>
<Attribute name="Cod_ciudad" id="893225BA-D334-E79A-E158-5460BDDDB43A">
<createdBy>paulo</createdBy>
<createdTime>2024-10-07 02:16:55 UTC</createdTime>
<generatorID>96C9B56C-AA43-985E-A3A2-1FDC4356F3F6</generatorID>
<ownerDesignName>modelo de datos</ownerDesignName>
<engineerTo>
<item key="58B6D257-61E5-3D75-9100-A8A21C1D7F70" value="true"/>
</engineerTo>
<referedAttribute>3BA8761F-1D35-89B0-FE63-7D36086945D6</referedAttribute>
<use>0</use>
<ownDataTypeParameters>,,</ownDataTypeParameters>
</Attribute>
<Attribute name="Cod_region" id="5964D637-4A4F-56A4-74D7-DC1BAA50609A">
<createdBy>paulo</createdBy>
<createdTime>2024-10-07 02:16:55 UTC</createdTime>
<generatorID>96C9B56C-AA43-985E-A3A2-1FDC4356F3F6</generatorID>
<ownerDesignName>modelo de datos</ownerDesignName>
<engineerTo>
<item key="58B6D257-61E5-3D75-9100-A8A21C1D7F70" value="true"/>
</engineerTo>
<referedAttribute>20A50EA2-C2C5-52A8-F2B8-D42C8998AFE7</referedAttribute>
<useDomainConstraints>false</useDomainConstraints>
<use>1</use>
<logicalDatatype>LOGDT019</logicalDatatype>
<dataTypePrecision>20</dataTypePrecision>
<ownDataTypeParameters>,,</ownDataTypeParameters>
</Attribute>
<Attribute name="Id_servicio" id="A8910525-C695-9D04-7E93-539420EB4DA6">
<createdBy>paulo</createdBy>
<createdTime>2024-10-07 02:17:10 UTC</createdTime>
<generatorID>075328FC-A260-3744-FE8A-71D137DA387A</generatorID>
<ownerDesignName>modelo de datos</ownerDesignName>
<engineerTo>
<item key="58B6D257-61E5-3D75-9100-A8A21C1D7F70" value="true"/>
</engineerTo>
<referedAttribute>1A6FB71B-65F4-6111-253D-2CCFDCBAA179</referedAttribute>
<useDomainConstraints>false</useDomainConstraints>
<use>1</use>
<logicalDatatype>LOGDT019</logicalDatatype>
<dataTypePrecision>20</dataTypePrecision>
<ownDataTypeParameters>,,</ownDataTypeParameters>
</Attribute>
<Attribute name="Cod_servicio" id="FC54A107-ACD2-E049-A98B-4FB554A60380">
<createdBy>paulo</createdBy>
<createdTime>2024-10-07 02:17:34 UTC</createdTime>
<generatorID>075328FC-A260-3744-FE8A-71D137DA387A</generatorID>
<ownerDesignName>modelo de datos</ownerDesignName>
<engineerTo>
<item key="58B6D257-61E5-3D75-9100-A8A21C1D7F70" value="true"/>
</engineerTo>
<referedAttribute>D9138F50-7E24-17D7-AE4C-BBBD0513551E</referedAttribute>
<use>0</use>
<ownDataTypeParameters>,,</ownDataTypeParameters>
</Attribute>
</attributes>
<identifiers itemClass="oracle.dbtools.crest.model.design.logical.CandidateKey">
<identifier id="6F0E5212-B94F-C9B3-3B7A-F4AAE8748106" name="Mecanico_Servicio PK">
<createdBy>paulo</createdBy>
<createdTime>2024-10-07 02:16:55 UTC</createdTime>
<ownerDesignName>modelo de datos</ownerDesignName>
<engineerTo>
<item key="58B6D257-61E5-3D75-9100-A8A21C1D7F70" value="true"/>
</engineerTo>
<pk>true</pk>
<usedAttributes>
<attributeRef>CD013DB2-6434-E5E7-35A0-AE85FBE3CD59</attributeRef>
<attributeRef>16C2E400-6D03-6730-0A95-72C330CBC7D1</attributeRef>
<attributeRef>893225BA-D334-E79A-E158-5460BDDDB43A</attributeRef>
<attributeRef>5964D637-4A4F-56A4-74D7-DC1BAA50609A</attributeRef>
<attributeRef>A8910525-C695-9D04-7E93-539420EB4DA6</attributeRef>
<attributeRef>FC54A107-ACD2-E049-A98B-4FB554A60380</attributeRef>
</usedAttributes>
</identifier>
</identifiers>
</Entity>