<?xml version = '1.0' encoding = 'UTF-8'?>
<Entity class="oracle.dbtools.crest.model.design.logical.Entity" directorySegmentName="seg_0" id="8CCCFFE7-834F-26F7-F2BB-BAE860A02F8C" name="Notificacion">
<createdBy>paulo</createdBy>
<createdTime>2024-10-07 02:16:10 UTC</createdTime>
<ownerDesignName>modelo de datos</ownerDesignName>
<engineerTo>
<item key="58B6D257-61E5-3D75-9100-A8A21C1D7F70" value="true"/>
</engineerTo>
<adequatelyNormalized>NO</adequatelyNormalized>
<expectedVolumes>0</expectedVolumes>
<fwdEngineeringStrategyName>Single Table</fwdEngineeringStrategyName>
<growthPercent>0</growthPercent>
<growthType>Year</growthType>
<maxVolumes>9999999</maxVolumes>
<minVolumes>0</minVolumes>
<normalForm>Third</normalForm>
<attributes itemClass="oracle.dbtools.crest.model.design.logical.Attribute">
<Attribute name="Id_servicio" id="6D61E13E-6E02-5307-AD62-EB50D3AAEA7D">
<createdBy>paulo</createdBy>
<createdTime>2024-10-07 02:17:19 UTC</createdTime>
<generatorID>BABD54E4-21E5-627F-039D-EE6805D14272</generatorID>
<ownerDesignName>modelo de datos</ownerDesignName>
<engineerTo>
<item key="58B6D257-61E5-3D75-9100-A8A21C1D7F70" value="true"/>
</engineerTo>
<referedAttribute>1A6FB71B-65F4-6111-253D-2CCFDCBAA179</referedAttribute>
<useDomainConstraints>false</useDomainConstraints>
<use>1</use>
<logicalDatatype>LOGDT019</logicalDatatype>
<dataTypePrecision>20</dataTypePrecision>
<ownDataTypeParameters>,,</ownDataTypeParameters>
</Attribute>
<Attribute name="ID_vehiculo" id="4B8BAF0E-5BDC-2EBA-C3B5-402A1CBB7106">
<createdBy>paulo</createdBy>
<createdTime>2024-10-07 02:17:26 UTC</createdTime>
<generatorID>366D140A-65EA-E911-4CFB-3A7913177036</generatorID>
<ownerDesignName>modelo de datos</ownerDesignName>
<engineerTo>
<item key="58B6D257-61E5-3D75-9100-A8A21C1D7F70" value="true"/>
</engineerTo>
<referedAttribute>67CB9B80-FE7A-0222-90CB-0F9BD34B291A</referedAttribute>
<useDomainConstraints>false</useDomainConstraints>
<use>1</use>
<logicalDatatype>LOGDT019</logicalDatatype>
<dataTypePrecision>10</dataTypePrecision>
<ownDataTypeParameters>,,</ownDataTypeParameters>
</Attribute>
<Attribute name="ID_usuario" id="790699AD-2E82-BC54-D5BA-2D885C30DF81">
<createdBy>paulo</createdBy>
<createdTime>2024-10-07 02:17:26 UTC</createdTime>
<generatorID>366D140A-65EA-E911-4CFB-3A7913177036</generatorID>
<ownerDesignName>modelo de datos</ownerDesignName>
<engineerTo>
<item key="58B6D257-61E5-3D75-9100-A8A21C1D7F70" value="true"/>
</engineerTo>
<referedAttribute>92AAABD7-83D9-5E5F-377C-FDF0ED6C3032</referedAttribute>
<useDomainConstraints>false</useDomainConstraints>
<use>1</use>
<logicalDatatype>LOGDT019</logicalDatatype>
<dataTypePrecision>30</dataTypePrecision>
<ownDataTypeParameters>,,</ownDataTypeParameters>
</Attribute>
<Attribute name="Id_tp_vehiculo" id="F5D23581-DB2E-01B8-AB06-2D53FECE3AA6">
<createdBy>paulo</createdBy>
<createdTime>2024-10-07 02:17:26 UTC</createdTime>
<generatorID>366D140A-65EA-E911-4CFB-3A7913177036</generatorID>
<ownerDesignName>modelo de datos</ownerDesignName>
<engineerTo>
<item key="58B6D257-61E5-3D75-9100-A8A21C1D7F70" value="true"/>
</engineerTo>
<referedAttribute>7E6E107D-FEEA-DDCE-6561-065AD0D1C33C</referedAttribute>
<useDomainConstraints>false</useDomainConstraints>
<use>1</use>
<logicalDatatype>LOGDT019</logicalDatatype>
<dataTypePrecision>30</dataTypePrecision>
<ownDataTypeParameters>,,</ownDataTypeParameters>
</Attribute>
<Attribute name="Cod_servicio" id="4D6AA689-8A2D-3087-56AF-C0CD206A1593">
<createdBy>paulo</createdBy>
<createdTime>2024-10-07 02:17:34 UTC</createdTime>
<generatorID>BABD54E4-21E5-627F-039D-EE6805D14272</generatorID>
<ownerDesignName>modelo de datos</ownerDesignName>
<engineerTo>
<item key="58B6D257-61E5-3D75-9100-A8A21C1D7F70" value="true"/>
</engineerTo>
<referedAttribute>D9138F50-7E24-17D7-AE4C-BBBD0513551E</referedAttribute>
<use>0</use>
<ownDataTypeParameters>,,</ownDataTypeParameters>
</Attribute>
</attributes>
<identifiers itemClass="oracle.dbtools.crest.model.design.logical.CandidateKey">
<identifier id="BE0F178A-DD64-1051-34C9-31E3490D7595" name="Notificacion PK">
<createdBy>paulo</createdBy>
<createdTime>2024-10-07 02:17:19 UTC</createdTime>
<ownerDesignName>modelo de datos</ownerDesignName>
<engineerTo>
<item key="58B6D257-61E5-3D75-9100-A8A21C1D7F70" value="true"/>
</engineerTo>
<pk>true</pk>
<usedAttributes>
<attributeRef>6D61E13E-6E02-5307-AD62-EB50D3AAEA7D</attributeRef>
<attributeRef>4D6AA689-8A2D-3087-56AF-C0CD206A1593</attributeRef>
<attributeRef>4B8BAF0E-5BDC-2EBA-C3B5-402A1CBB7106</attributeRef>
<attributeRef>790699AD-2E82-BC54-D5BA-2D885C30DF81</attributeRef>
<attributeRef>F5D23581-DB2E-01B8-AB06-2D53FECE3AA6</attributeRef>
</usedAttributes>
</identifier>
</identifiers>
</Entity>