<?xml version = '1.0' encoding = 'UTF-8'?>
<Entity class="oracle.dbtools.crest.model.design.logical.Entity" directorySegmentName="seg_0" id="C614C179-E790-0A55-0B71-E90A90F83B28" name="Estado_OT">
<createdBy>paulo</createdBy>
<createdTime>2024-10-07 01:50:19 UTC</createdTime>
<ownerDesignName>modelo de datos</ownerDesignName>
<engineerTo>
<item key="58B6D257-61E5-3D75-9100-A8A21C1D7F70" value="true"/>
</engineerTo>
<adequatelyNormalized>NO</adequatelyNormalized>
<expectedVolumes>0</expectedVolumes>
<fwdEngineeringStrategyName>Single Table</fwdEngineeringStrategyName>
<growthPercent>0</growthPercent>
<growthType>Year</growthType>
<maxVolumes>9999999</maxVolumes>
<minVolumes>0</minVolumes>
<normalForm>Third</normalForm>
<attributes itemClass="oracle.dbtools.crest.model.design.logical.Attribute">
<Attribute name="Cod_estado" id="7580F053-1D78-4756-0F62-F2FFCEFBEEC3">
<createdBy>paulo</createdBy>
<createdTime>2024-10-07 01:50:38 UTC</createdTime>
<ownerDesignName>modelo de datos</ownerDesignName>
<engineerTo>
<item key="58B6D257-61E5-3D75-9100-A8A21C1D7F70" value="true"/>
</engineerTo>
<use>0</use>
<ownDataTypeParameters>,,</ownDataTypeParameters>
</Attribute>
<Attribute name="Nom_estado" id="A32F6591-1047-398D-D09A-6EA3BC865F1E">
<createdBy>paulo</createdBy>
<createdTime>2024-10-07 01:50:38 UTC</createdTime>
<commentInRDBMS><![CDATA[30]]></commentInRDBMS>
<ownerDesignName>modelo de datos</ownerDesignName>
<engineerTo>
<item key="58B6D257-61E5-3D75-9100-A8A21C1D7F70" value="true"/>
</engineerTo>
<useDomainConstraints>false</useDomainConstraints>
<use>1</use>
<logicalDatatype>LOGDT024</logicalDatatype>
<ownDataTypeParameters>,,</ownDataTypeParameters>
</Attribute>
</attributes>
<identifiers itemClass="oracle.dbtools.crest.model.design.logical.CandidateKey">
<identifier id="78D79A36-CEDA-AF00-AC9E-0EFB61446495" name="Estado_OT PK">
<createdBy>paulo</createdBy>
<createdTime>2024-10-07 01:57:25 UTC</createdTime>
<ownerDesignName>modelo de datos</ownerDesignName>
<engineerTo>
<item key="58B6D257-61E5-3D75-9100-A8A21C1D7F70" value="true"/>
</engineerTo>
<pk>true</pk>
<usedAttributes>
<attributeRef>7580F053-1D78-4756-0F62-F2FFCEFBEEC3</attributeRef>
</usedAttributes>
</identifier>
</identifiers>
</Entity>