<?xml version = '1.0' encoding = 'UTF-8'?>
<Entity class="oracle.dbtools.crest.model.design.logical.Entity" directorySegmentName="seg_0" id="DBCECF2A-2E48-1418-8A61-A3D26C926270" name="Orden_trabajo">
<createdBy>paulo</createdBy>
<createdTime>2024-10-07 01:46:54 UTC</createdTime>
<ownerDesignName>modelo de datos</ownerDesignName>
<engineerTo>
<item key="58B6D257-61E5-3D75-9100-A8A21C1D7F70" value="true"/>
</engineerTo>
<adequatelyNormalized>NO</adequatelyNormalized>
<expectedVolumes>0</expectedVolumes>
<fwdEngineeringStrategyName>Single Table</fwdEngineeringStrategyName>
<growthPercent>0</growthPercent>
<growthType>Year</growthType>
<maxVolumes>9999999</maxVolumes>
<minVolumes>0</minVolumes>
<normalForm>Third</normalForm>
<attributes itemClass="oracle.dbtools.crest.model.design.logical.Attribute">
<Attribute name="Id_OT" id="855B76FD-DAC0-0B2F-5FDF-75633C673948">
<createdBy>paulo</createdBy>
<createdTime>2024-10-07 01:47:10 UTC</createdTime>
<ownerDesignName>modelo de datos</ownerDesignName>
<engineerTo>
<item key="58B6D257-61E5-3D75-9100-A8A21C1D7F70" value="true"/>
</engineerTo>
<useDomainConstraints>false</useDomainConstraints>
<use>1</use>
<logicalDatatype>LOGDT019</logicalDatatype>
<dataTypePrecision>10</dataTypePrecision>
<ownDataTypeParameters>,10,</ownDataTypeParameters>
</Attribute>
<Attribute name="Desc_OT" id="6F4641E6-1A90-505B-7934-F9295BE35DC0">
<createdBy>paulo</createdBy>
<createdTime>2024-10-07 01:47:10 UTC</createdTime>
<ownerDesignName>modelo de datos</ownerDesignName>
<engineerTo>
<item key="58B6D257-61E5-3D75-9100-A8A21C1D7F70" value="true"/>
</engineerTo>
<useDomainConstraints>false</useDomainConstraints>
<use>1</use>
<logicalDatatype>LOGDT024</logicalDatatype>
<ownDataTypeParameters>,,</ownDataTypeParameters>
</Attribute>
<Attribute name="ID_Mecanico" id="E624A356-1CFA-A063-7CC5-83D4AF20AA5B">
<createdBy>paulo</createdBy>
<createdTime>2024-10-07 01:49:15 UTC</createdTime>
<generatorID>33794EF4-DC2E-56A8-49CE-B80FC5D2B13D</generatorID>
<ownerDesignName>modelo de datos</ownerDesignName>
<engineerTo>
<item key="58B6D257-61E5-3D75-9100-A8A21C1D7F70" value="true"/>
</engineerTo>
<referedAttribute>D092B664-FA86-13F5-C132-398F6E7A7912</referedAttribute>
<useDomainConstraints>false</useDomainConstraints>
<use>1</use>
<logicalDatatype>LOGDT019</logicalDatatype>
<dataTypePrecision>30</dataTypePrecision>
<ownDataTypeParameters>,,</ownDataTypeParameters>
</Attribute>
<Attribute name="ID_Taller" id="AAC7A603-1421-E62C-8521-2E039277002C">
<createdBy>paulo</createdBy>
<createdTime>2024-10-07 01:49:15 UTC</createdTime>
<generatorID>33794EF4-DC2E-56A8-49CE-B80FC5D2B13D</generatorID>
<ownerDesignName>modelo de datos</ownerDesignName>
<engineerTo>
<item key="58B6D257-61E5-3D75-9100-A8A21C1D7F70" value="true"/>
</engineerTo>
<referedAttribute>438A48B9-8568-F2A5-1DC0-B3DC6A9B3977</referedAttribute>
<useDomainConstraints>false</useDomainConstraints>
<use>1</use>
<logicalDatatype>LOGDT019</logicalDatatype>
<dataTypePrecision>10</dataTypePrecision>
<ownDataTypeParameters>,,</ownDataTypeParameters>
</Attribute>
<Attribute name="Cod_ciudad" id="C2B3D1FA-D298-AF33-5A2B-1C7DF9BE3FC6">
<createdBy>paulo</createdBy>
<createdTime>2024-10-07 01:49:15 UTC</createdTime>
<generatorID>33794EF4-DC2E-56A8-49CE-B80FC5D2B13D</generatorID>
<ownerDesignName>modelo de datos</ownerDesignName>
<engineerTo>
<item key="58B6D257-61E5-3D75-9100-A8A21C1D7F70" value="true"/>
</engineerTo>
<referedAttribute>3BA8761F-1D35-89B0-FE63-7D36086945D6</referedAttribute>
<use>0</use>
<ownDataTypeParameters>,,</ownDataTypeParameters>
</Attribute>
<Attribute name="Cod_region" id="3D238E91-F070-9B26-5B8B-E88E86B77BB8">
<createdBy>paulo</createdBy>
<createdTime>2024-10-07 01:49:15 UTC</createdTime>
<generatorID>33794EF4-DC2E-56A8-49CE-B80FC5D2B13D</generatorID>
<ownerDesignName>modelo de datos</ownerDesignName>
<engineerTo>
<item key="58B6D257-61E5-3D75-9100-A8A21C1D7F70" value="true"/>
</engineerTo>
<referedAttribute>20A50EA2-C2C5-52A8-F2B8-D42C8998AFE7</referedAttribute>
<useDomainConstraints>false</useDomainConstraints>
<use>1</use>
<logicalDatatype>LOGDT019</logicalDatatype>
<dataTypePrecision>20</dataTypePrecision>
<ownDataTypeParameters>,,</ownDataTypeParameters>
</Attribute>
<Attribute name="Cod_estado" id="482C2341-52DA-9420-F97C-EB0D5ED79FC7">
<createdBy>paulo</createdBy>
<createdTime>2024-10-07 01:57:39 UTC</createdTime>
<generatorID>6190C492-39F7-F17E-44DD-A2CA7DCE40BB</generatorID>
<ownerDesignName>modelo de datos</ownerDesignName>
<engineerTo>
<item key="58B6D257-61E5-3D75-9100-A8A21C1D7F70" value="true"/>
</engineerTo>
<referedAttribute>7580F053-1D78-4756-0F62-F2FFCEFBEEC3</referedAttribute>
<use>0</use>
<ownDataTypeParameters>,,</ownDataTypeParameters>
</Attribute>
<Attribute name="Id_servicio" id="1E3D5BDF-EC44-6579-D7E5-94C856E245A5">
<createdBy>paulo</createdBy>
<createdTime>2024-10-07 02:23:41 UTC</createdTime>
<generatorID>E30CAB11-D71C-2287-5B64-1D536043D819</generatorID>
<ownerDesignName>modelo de datos</ownerDesignName>
<engineerTo>
<item key="58B6D257-61E5-3D75-9100-A8A21C1D7F70" value="true"/>
</engineerTo>
<referedAttribute>1A6FB71B-65F4-6111-253D-2CCFDCBAA179</referedAttribute>
<useDomainConstraints>false</useDomainConstraints>
<use>1</use>
<logicalDatatype>LOGDT019</logicalDatatype>
<dataTypePrecision>20</dataTypePrecision>
<ownDataTypeParameters>,,</ownDataTypeParameters>
</Attribute>
<Attribute name="Cod_servicio" id="879851A8-36F9-3BBB-BBBE-8910850FDAD5">
<createdBy>paulo</createdBy>
<createdTime>2024-10-07 02:23:41 UTC</createdTime>
<generatorID>E30CAB11-D71C-2287-5B64-1D536043D819</generatorID>
<ownerDesignName>modelo de datos</ownerDesignName>
<engineerTo>
<item key="58B6D257-61E5-3D75-9100-A8A21C1D7F70" value="true"/>
</engineerTo>
<referedAttribute>D9138F50-7E24-17D7-AE4C-BBBD0513551E</referedAttribute>
<use>0</use>
<ownDataTypeParameters>,,</ownDataTypeParameters>
</Attribute>
</attributes>
<identifiers itemClass="oracle.dbtools.crest.model.design.logical.CandidateKey">
<identifier id="C69D4060-4AE2-8DFC-CC83-D7169874A53B" name="Orden_trabajo PK">
<createdBy>paulo</createdBy>
<createdTime>2024-10-07 01:47:40 UTC</createdTime>
<ownerDesignName>modelo de datos</ownerDesignName>
<engineerTo>
<item key="58B6D257-61E5-3D75-9100-A8A21C1D7F70" value="true"/>
</engineerTo>
<pk>true</pk>
<usedAttributes>
<attributeRef>855B76FD-DAC0-0B2F-5FDF-75633C673948</attributeRef>
<attributeRef>E624A356-1CFA-A063-7CC5-83D4AF20AA5B</attributeRef>
<attributeRef>AAC7A603-1421-E62C-8521-2E039277002C</attributeRef>
<attributeRef>C2B3D1FA-D298-AF33-5A2B-1C7DF9BE3FC6</attributeRef>
<attributeRef>3D238E91-F070-9B26-5B8B-E88E86B77BB8</attributeRef>
</usedAttributes>
</identifier>
</identifiers>
</Entity>