<?xml version = '1.0' encoding = 'UTF-8'?>
<Entity class="oracle.dbtools.crest.model.design.logical.Entity" directorySegmentName="seg_0" id="EC240CD9-32B5-A0BF-9C78-07080E683BE5" name="Tp_servicios">
<createdBy>paulo</createdBy>
<createdTime>2024-10-07 01:06:32 UTC</createdTime>
<ownerDesignName>modelo de datos</ownerDesignName>
<engineerTo>
<item key="58B6D257-61E5-3D75-9100-A8A21C1D7F70" value="true"/>
</engineerTo>
<adequatelyNormalized>NO</adequatelyNormalized>
<expectedVolumes>0</expectedVolumes>
<fwdEngineeringStrategyName>Single Table</fwdEngineeringStrategyName>
<growthPercent>0</growthPercent>
<growthType>Year</growthType>
<maxVolumes>9999999</maxVolumes>
<minVolumes>0</minVolumes>
<normalForm>Third</normalForm>
<attributes itemClass="oracle.dbtools.crest.model.design.logical.Attribute">
<Attribute name="Cod_servicio" id="A99C97A1-26CA-FE48-8ED9-AEA630281FAA">
<createdBy>paulo</createdBy>
<createdTime>2024-10-07 01:06:41 UTC</createdTime>
<ownerDesignName>modelo de datos</ownerDesignName>
<engineerTo>
<item key="58B6D257-61E5-3D75-9100-A8A21C1D7F70" value="true"/>
</engineerTo>
<use>0</use>
<ownDataTypeParameters>,,</ownDataTypeParameters>
</Attribute>
<Attribute name="Nombre_servio" id="387EE0ED-DB86-8055-AE14-CF23BC8D4248">
<createdBy>paulo</createdBy>
<createdTime>2024-10-07 01:06:41 UTC</createdTime>
<ownerDesignName>modelo de datos</ownerDesignName>
<engineerTo>
<item key="58B6D257-61E5-3D75-9100-A8A21C1D7F70" value="true"/>
</engineerTo>
<use>0</use>
<ownDataTypeParameters>,,</ownDataTypeParameters>
</Attribute>
<Attribute name="Precio" id="DB4EE49D-9521-DFF6-8C5E-13C4A9B2020E">
<createdBy>paulo</createdBy>
<createdTime>2024-10-07 01:06:41 UTC</createdTime>
<ownerDesignName>modelo de datos</ownerDesignName>
<engineerTo>
<item key="58B6D257-61E5-3D75-9100-A8A21C1D7F70" value="true"/>
</engineerTo>
<use>0</use>
<ownDataTypeParameters>,,</ownDataTypeParameters>
</Attribute>
</attributes>
<identifiers itemClass="oracle.dbtools.crest.model.design.logical.CandidateKey">
<identifier id="26D962E5-B56F-F041-978F-9EBE35C93462" name="Tp_sercios PK">
<createdBy>paulo</createdBy>
<createdTime>2024-10-07 01:07:04 UTC</createdTime>
<ownerDesignName>modelo de datos</ownerDesignName>
<engineerTo>
<item key="58B6D257-61E5-3D75-9100-A8A21C1D7F70" value="true"/>
</engineerTo>
<pk>true</pk>
<usedAttributes>
<attributeRef>A99C97A1-26CA-FE48-8ED9-AEA630281FAA</attributeRef>
</usedAttributes>
</identifier>
</identifiers>
</Entity>