<?xml version = '1.0' encoding = 'UTF-8'?>
<Entity class="oracle.dbtools.crest.model.design.logical.Entity" directorySegmentName="seg_0" id="F40F718D-4609-0AA4-B0F0-BAE4074269AF" name="mecanico">
<createdBy>paulo</createdBy>
<createdTime>2024-10-07 01:06:10 UTC</createdTime>
<ownerDesignName>modelo de datos</ownerDesignName>
<engineerTo>
<item key="58B6D257-61E5-3D75-9100-A8A21C1D7F70" value="true"/>
</engineerTo>
<adequatelyNormalized>NO</adequatelyNormalized>
<expectedVolumes>0</expectedVolumes>
<fwdEngineeringStrategyName>Single Table</fwdEngineeringStrategyName>
<growthPercent>0</growthPercent>
<growthType>Year</growthType>
<maxVolumes>9999999</maxVolumes>
<minVolumes>0</minVolumes>
<normalForm>Third</normalForm>
<attributes itemClass="oracle.dbtools.crest.model.design.logical.Attribute">
<Attribute name="ID_Mecanico" id="D092B664-FA86-13F5-C132-398F6E7A7912">
<createdBy>paulo</createdBy>
<createdTime>2024-10-07 01:06:10 UTC</createdTime>
<ownerDesignName>modelo de datos</ownerDesignName>
<engineerTo>
<item key="58B6D257-61E5-3D75-9100-A8A21C1D7F70" value="true"/>
</engineerTo>
<useDomainConstraints>false</useDomainConstraints>
<use>1</use>
<logicalDatatype>LOGDT019</logicalDatatype>
<dataTypePrecision>30</dataTypePrecision>
<ownDataTypeParameters>,30,</ownDataTypeParameters>
</Attribute>
<Attribute name="Rut" id="5DDA4F89-3550-F77E-FA02-FDCB4317514C">
<createdBy>paulo</createdBy>
<createdTime>2024-10-07 01:06:10 UTC</createdTime>
<ownerDesignName>modelo de datos</ownerDesignName>
<engineerTo>
<item key="58B6D257-61E5-3D75-9100-A8A21C1D7F70" value="true"/>
</engineerTo>
<useDomainConstraints>false</useDomainConstraints>
<use>1</use>
<logicalDatatype>LOGDT019</logicalDatatype>
<dataTypePrecision>8</dataTypePrecision>
<ownDataTypeParameters>,8,</ownDataTypeParameters>
</Attribute>
<Attribute name="Num_verificador" id="0A93E389-BC0C-FFFE-7E9A-04C41D33DAAB">
<createdBy>paulo</createdBy>
<createdTime>2024-10-07 01:06:10 UTC</createdTime>
<ownerDesignName>modelo de datos</ownerDesignName>
<engineerTo>
<item key="58B6D257-61E5-3D75-9100-A8A21C1D7F70" value="true"/>
</engineerTo>
<useDomainConstraints>false</useDomainConstraints>
<use>1</use>
<logicalDatatype>LOGDT024</logicalDatatype>
<dataTypeSize>1</dataTypeSize>
<ownDataTypeParameters>1,,</ownDataTypeParameters>
</Attribute>
<Attribute name="Prim_nom" id="BBEE92BB-6928-6350-18BE-7E518234E9B5">
<createdBy>paulo</createdBy>
<createdTime>2024-10-07 01:06:10 UTC</createdTime>
<ownerDesignName>modelo de datos</ownerDesignName>
<engineerTo>
<item key="58B6D257-61E5-3D75-9100-A8A21C1D7F70" value="true"/>
</engineerTo>
<useDomainConstraints>false</useDomainConstraints>
<use>1</use>
<logicalDatatype>LOGDT024</logicalDatatype>
<dataTypeSize>30</dataTypeSize>
<ownDataTypeParameters>30,,</ownDataTypeParameters>
</Attribute>
<Attribute name="Seg_nom" id="94BE0867-8F71-2754-D1F4-F86EE28779DE">
<createdBy>paulo</createdBy>
<createdTime>2024-10-07 01:06:10 UTC</createdTime>
<commentInRDBMS><![CDATA[El segundo nombre no es obligatorio ya que algunas personas no las tienen]]></commentInRDBMS>
<ownerDesignName>modelo de datos</ownerDesignName>
<engineerTo>
<item key="58B6D257-61E5-3D75-9100-A8A21C1D7F70" value="true"/>
</engineerTo>
<nullsAllowed>true</nullsAllowed>
<useDomainConstraints>false</useDomainConstraints>
<use>1</use>
<logicalDatatype>LOGDT024</logicalDatatype>
<dataTypeSize>30</dataTypeSize>
<ownDataTypeParameters>30,,</ownDataTypeParameters>
</Attribute>
<Attribute name="Prim_ap" id="EC49938A-BE74-829C-E883-9D4E2910485F">
<createdBy>paulo</createdBy>
<createdTime>2024-10-07 01:06:10 UTC</createdTime>
<ownerDesignName>modelo de datos</ownerDesignName>
<engineerTo>
<item key="58B6D257-61E5-3D75-9100-A8A21C1D7F70" value="true"/>
</engineerTo>
<useDomainConstraints>false</useDomainConstraints>
<use>1</use>
<logicalDatatype>LOGDT024</logicalDatatype>
<dataTypeSize>40</dataTypeSize>
<ownDataTypeParameters>40,,</ownDataTypeParameters>
</Attribute>
<Attribute name="Seg_ap" id="8A76FE35-6939-110F-C9D1-CEBC1ECA4D99">
<createdBy>paulo</createdBy>
<createdTime>2024-10-07 01:06:10 UTC</createdTime>
<commentInRDBMS><![CDATA[El segundo apellido no es obligatorio ya que algunas persona no la tienen]]></commentInRDBMS>
<ownerDesignName>modelo de datos</ownerDesignName>
<engineerTo>
<item key="58B6D257-61E5-3D75-9100-A8A21C1D7F70" value="true"/>
</engineerTo>
<nullsAllowed>true</nullsAllowed>
<useDomainConstraints>false</useDomainConstraints>
<use>1</use>
<logicalDatatype>LOGDT024</logicalDatatype>
<dataTypeSize>40</dataTypeSize>
<ownDataTypeParameters>40,,</ownDataTypeParameters>
</Attribute>
<Attribute name="correo" id="6FFC00D1-52AF-B194-CDE7-9B5461D1399C">
<createdBy>paulo</createdBy>
<createdTime>2024-10-07 01:06:10 UTC</createdTime>
<commentInRDBMS><![CDATA[El correo es necesario que tenga como obligacion el @ y el .]]></commentInRDBMS>
<ownerDesignName>modelo de datos</ownerDesignName>
<engineerTo>
<item key="58B6D257-61E5-3D75-9100-A8A21C1D7F70" value="true"/>
</engineerTo>
<useDomainConstraints>false</useDomainConstraints>
<use>1</use>
<logicalDatatype>LOGDT024</logicalDatatype>
<dataTypeSize>40</dataTypeSize>
<ownDataTypeParameters>40,,</ownDataTypeParameters>
</Attribute>
<Attribute name="Contraseña" id="172F31F5-FA95-D7A9-4D3F-4AAE278E6D0C">
<createdBy>paulo</createdBy>
<createdTime>2024-10-07 01:06:10 UTC</createdTime>
<commentInRDBMS><![CDATA[La contraseña tiene que cumplir con la encriptacion de esta y que sea segura]]></commentInRDBMS>
<ownerDesignName>modelo de datos</ownerDesignName>
<engineerTo>
<item key="58B6D257-61E5-3D75-9100-A8A21C1D7F70" value="true"/>
</engineerTo>
<useDomainConstraints>false</useDomainConstraints>
<use>1</use>
<logicalDatatype>LOGDT024</logicalDatatype>
<dataTypeSize>40</dataTypeSize>
<ownDataTypeParameters>40,,</ownDataTypeParameters>
</Attribute>
<Attribute name="ID_Taller" id="438A48B9-8568-F2A5-1DC0-B3DC6A9B3977">
<createdBy>paulo</createdBy>
<createdTime>2024-10-07 01:48:37 UTC</createdTime>
<generatorID>7B7AA25C-1BB0-A7E9-29B3-660784FE7BB3</generatorID>
<ownerDesignName>modelo de datos</ownerDesignName>
<engineerTo>
<item key="58B6D257-61E5-3D75-9100-A8A21C1D7F70" value="true"/>
</engineerTo>
<referedAttribute>684C69E1-949F-DB98-08B5-D68562BA7664</referedAttribute>
<useDomainConstraints>false</useDomainConstraints>
<use>1</use>
<logicalDatatype>LOGDT019</logicalDatatype>
<dataTypePrecision>10</dataTypePrecision>
<ownDataTypeParameters>,,</ownDataTypeParameters>
</Attribute>
<Attribute name="Cod_ciudad" id="3BA8761F-1D35-89B0-FE63-7D36086945D6">
<createdBy>paulo</createdBy>
<createdTime>2024-10-07 01:48:37 UTC</createdTime>
<generatorID>7B7AA25C-1BB0-A7E9-29B3-660784FE7BB3</generatorID>
<ownerDesignName>modelo de datos</ownerDesignName>
<engineerTo>
<item key="58B6D257-61E5-3D75-9100-A8A21C1D7F70" value="true"/>
</engineerTo>
<referedAttribute>DDC254A5-E3E4-D32F-890C-FC4754E39712</referedAttribute>
<use>0</use>
<ownDataTypeParameters>,,</ownDataTypeParameters>
</Attribute>
<Attribute name="Cod_region" id="20A50EA2-C2C5-52A8-F2B8-D42C8998AFE7">
<createdBy>paulo</createdBy>
<createdTime>2024-10-07 01:48:37 UTC</createdTime>
<generatorID>7B7AA25C-1BB0-A7E9-29B3-660784FE7BB3</generatorID>
<ownerDesignName>modelo de datos</ownerDesignName>
<engineerTo>
<item key="58B6D257-61E5-3D75-9100-A8A21C1D7F70" value="true"/>
</engineerTo>
<referedAttribute>0DAAC259-8C69-AFFB-27B4-0186C324DD29</referedAttribute>
<useDomainConstraints>false</useDomainConstraints>
<use>1</use>
<logicalDatatype>LOGDT019</logicalDatatype>
<dataTypePrecision>20</dataTypePrecision>
<ownDataTypeParameters>,,</ownDataTypeParameters>
</Attribute>
</attributes>
<identifiers itemClass="oracle.dbtools.crest.model.design.logical.CandidateKey">
<identifier id="EAB13CE0-0D4C-0399-4D10-753C3DBD4B14" name="Nombre PK">
<createdBy>paulo</createdBy>
<createdTime>2024-10-07 01:06:10 UTC</createdTime>
<ownerDesignName>modelo de datos</ownerDesignName>
<engineerTo>
<item key="58B6D257-61E5-3D75-9100-A8A21C1D7F70" value="true"/>
</engineerTo>
<pk>true</pk>
<usedAttributes>
<attributeRef>D092B664-FA86-13F5-C132-398F6E7A7912</attributeRef>
<attributeRef>438A48B9-8568-F2A5-1DC0-B3DC6A9B3977</attributeRef>
<attributeRef>3BA8761F-1D35-89B0-FE63-7D36086945D6</attributeRef>
<attributeRef>20A50EA2-C2C5-52A8-F2B8-D42C8998AFE7</attributeRef>
</usedAttributes>
</identifier>
</identifiers>
</Entity>