<?xml version = '1.0' encoding = 'UTF-8'?>
<Table class="oracle.dbtools.crest.model.design.relational.Table" directorySegmentName="seg_0" id="02335AA5-D34B-6489-7A58-69C3D6FE01C7" name="Servicios">
<createdBy>paulo</createdBy>
<createdTime>2024-10-07 02:24:03 UTC</createdTime>
<generatorID>08161173-36E3-FF07-8182-6F7A2CBEAF9A</generatorID>
<ownerDesignName>modelo de datos</ownerDesignName>
<allowColumnReorder>false</allowColumnReorder>
<existDependencyGenerateInDDl>true</existDependencyGenerateInDDl>
<parsed>true</parsed>
<columns itemClass="oracle.dbtools.crest.model.design.relational.Column">
<Column name="Id_servicio" id="C83573B0-6755-60AB-DB13-8272E8930FDF">
<createdBy>paulo</createdBy>
<createdTime>2024-10-07 02:24:03 UTC</createdTime>
<generatorID>1A6FB71B-65F4-6111-253D-2CCFDCBAA179</generatorID>
<ownerDesignName>modelo de datos</ownerDesignName>
<useDomainConstraints>false</useDomainConstraints>
<use>1</use>
<logicalDatatype>LOGDT019</logicalDatatype>
<dataTypePrecision>20</dataTypePrecision>
<ownDataTypeParameters>,20,</ownDataTypeParameters>
<autoIncrementCycle>false</autoIncrementCycle>
</Column>
<Column name="Descripcion" id="8A8B7878-63EA-C1E8-5844-32CCF6593B70">
<createdBy>paulo</createdBy>
<createdTime>2024-10-07 02:24:03 UTC</createdTime>
<generatorID>D2C41851-77E4-7EF5-4917-8558CF7332BC</generatorID>
<ownerDesignName>modelo de datos</ownerDesignName>
<useDomainConstraints>false</useDomainConstraints>
<use>1</use>
<logicalDatatype>LOGDT024</logicalDatatype>
<dataTypeSize>200</dataTypeSize>
<ownDataTypeParameters>200,,</ownDataTypeParameters>
<autoIncrementCycle>false</autoIncrementCycle>
</Column>
<Column name="Productos" id="8AF0009D-63DD-973B-5F3C-817AA7C411AE">
<createdBy>paulo</createdBy>
<createdTime>2024-10-07 02:24:03 UTC</createdTime>
<generatorID>B158B756-A30B-2EAC-921E-54B3154D0B9F</generatorID>
<ownerDesignName>modelo de datos</ownerDesignName>
<useDomainConstraints>false</useDomainConstraints>
<use>1</use>
<logicalDatatype>LOGDT024</logicalDatatype>
<dataTypeSize>40</dataTypeSize>
<ownDataTypeParameters>40,,</ownDataTypeParameters>
<autoIncrementCycle>false</autoIncrementCycle>
</Column>
<Column name="Tp_servicios_Cod_servicio" id="2CF01C95-BD67-3ED4-5441-AF986C1E7A18">
<createdBy>paulo</createdBy>
<createdTime>2024-10-07 02:24:03 UTC</createdTime>
<generatorID>D9138F50-7E24-17D7-AE4C-BBBD0513551E</generatorID>
<ownerDesignName>modelo de datos</ownerDesignName>
<use>0</use>
<ownDataTypeParameters>,,</ownDataTypeParameters>
<previousColumn>false</previousColumn>
<autoIncrementCycle>false</autoIncrementCycle>
<associations>
<colAssociation fkAssociation="7264BA92-4AE0-1033-1AF7-4C08D0DB98CB" referredColumn="D7D86CA0-FB86-639B-B7EA-85B5DE20B14C"/>
</associations>
</Column>
</columns>
<indexes itemClass="oracle.dbtools.crest.model.design.relational.Index">
<ind_PK_UK id="C8E36550-1C9A-A2E0-9862-1893CD39CE01" name="Servicios_PK">
<createdBy>paulo</createdBy>
<createdTime>2024-10-07 02:24:03 UTC</createdTime>
<generatorID>2DDC04C8-5A37-2A01-7E41-9129D52E81EB</generatorID>
<ownerDesignName>modelo de datos</ownerDesignName>
<pk>true</pk>
<indexState>Primary Constraint</indexState>
<isSurrogateKey>false</isSurrogateKey>
<indexColumnUsage>
<colUsage columnID="C83573B0-6755-60AB-DB13-8272E8930FDF"/>
<colUsage columnID="2CF01C95-BD67-3ED4-5441-AF986C1E7A18"/>
</indexColumnUsage>
</ind_PK_UK>
<ind_PK_UK id="A51C0D38-0D4C-7EBA-A9CB-ABBBBC57E8C8" name="Servicios_Tp_servicios_FK">
<createdBy>paulo</createdBy>
<createdTime>2024-10-07 02:24:03 UTC</createdTime>
<generatorID>DDEC6D5A-C7E9-CDFA-6C43-4AD91D4B485E</generatorID>
<ownerDesignName>modelo de datos</ownerDesignName>
<indexState>Foreign Key</indexState>
<isSurrogateKey>false</isSurrogateKey>
<indexColumnUsage>
<colUsage columnID="2CF01C95-BD67-3ED4-5441-AF986C1E7A18"/>
</indexColumnUsage>
</ind_PK_UK>
</indexes>
</Table>