<?xml version = '1.0' encoding = 'UTF-8'?>
<Table class="oracle.dbtools.crest.model.design.relational.Table" directorySegmentName="seg_0" id="4686D6BC-9DBB-414A-89A7-8FD885BA463F" name="Estado_OT">
<createdBy>paulo</createdBy>
<createdTime>2024-10-07 02:24:03 UTC</createdTime>
<generatorID>C614C179-E790-0A55-0B71-E90A90F83B28</generatorID>
<ownerDesignName>modelo de datos</ownerDesignName>
<allowColumnReorder>false</allowColumnReorder>
<existDependencyGenerateInDDl>true</existDependencyGenerateInDDl>
<parsed>true</parsed>
<columns itemClass="oracle.dbtools.crest.model.design.relational.Column">
<Column name="Cod_estado" id="4DC31883-6C72-ADD5-C9D9-12C637FB5AFF">
<createdBy>paulo</createdBy>
<createdTime>2024-10-07 02:24:03 UTC</createdTime>
<generatorID>7580F053-1D78-4756-0F62-F2FFCEFBEEC3</generatorID>
<ownerDesignName>modelo de datos</ownerDesignName>
<use>0</use>
<ownDataTypeParameters>,,</ownDataTypeParameters>
<autoIncrementCycle>false</autoIncrementCycle>
</Column>
<Column name="Nom_estado" id="95CD5966-30C0-B511-1B13-99E4BB8E42AB">
<createdBy>paulo</createdBy>
<createdTime>2024-10-07 02:24:03 UTC</createdTime>
<commentInRDBMS><![CDATA[30]]></commentInRDBMS>
<generatorID>A32F6591-1047-398D-D09A-6EA3BC865F1E</generatorID>
<ownerDesignName>modelo de datos</ownerDesignName>
<useDomainConstraints>false</useDomainConstraints>
<use>1</use>
<logicalDatatype>LOGDT024</logicalDatatype>
<ownDataTypeParameters>,,</ownDataTypeParameters>
<autoIncrementCycle>false</autoIncrementCycle>
</Column>
</columns>
<indexes itemClass="oracle.dbtools.crest.model.design.relational.Index">
<ind_PK_UK id="DD6F32FE-B31F-1F04-9B03-CB6C073C918F" name="Estado_OT_PK">
<createdBy>paulo</createdBy>
<createdTime>2024-10-07 02:24:03 UTC</createdTime>
<generatorID>78D79A36-CEDA-AF00-AC9E-0EFB61446495</generatorID>
<ownerDesignName>modelo de datos</ownerDesignName>
<pk>true</pk>
<indexState>Primary Constraint</indexState>
<isSurrogateKey>false</isSurrogateKey>
<indexColumnUsage>
<colUsage columnID="4DC31883-6C72-ADD5-C9D9-12C637FB5AFF"/>
</indexColumnUsage>
</ind_PK_UK>
</indexes>
</Table>