<?xml version = '1.0' encoding = 'UTF-8'?>
<Table class="oracle.dbtools.crest.model.design.relational.Table" directorySegmentName="seg_0" id="567D20E6-2693-B50D-50E0-255014C420E8" name="Gerente">
<createdBy>paulo</createdBy>
<createdTime>2024-10-07 02:24:03 UTC</createdTime>
<generatorID>2E4DC5C5-DF7B-2B31-2F98-BF415D1E0F5E</generatorID>
<ownerDesignName>modelo de datos</ownerDesignName>
<allowColumnReorder>false</allowColumnReorder>
<existDependencyGenerateInDDl>true</existDependencyGenerateInDDl>
<parsed>true</parsed>
<columns itemClass="oracle.dbtools.crest.model.design.relational.Column">
<Column name="ID" id="723F9A9D-3AB0-8264-3979-8D5C6BD68FD9">
<createdBy>paulo</createdBy>
<createdTime>2024-10-07 02:24:03 UTC</createdTime>
<generatorID>3765C347-5F8B-352B-85E6-2A4F39F4F2ED</generatorID>
<ownerDesignName>modelo de datos</ownerDesignName>
<useDomainConstraints>false</useDomainConstraints>
<use>1</use>
<logicalDatatype>LOGDT019</logicalDatatype>
<dataTypePrecision>30</dataTypePrecision>
<ownDataTypeParameters>,30,</ownDataTypeParameters>
<autoIncrementCycle>false</autoIncrementCycle>
</Column>
<Column name="Rut" id="F9B9DD8C-DB06-FACC-99EE-E4D26671E3EA">
<createdBy>paulo</createdBy>
<createdTime>2024-10-07 02:24:03 UTC</createdTime>
<generatorID>F6D82ACC-1B0D-F739-BC1D-BFFA3F771E76</generatorID>
<ownerDesignName>modelo de datos</ownerDesignName>
<useDomainConstraints>false</useDomainConstraints>
<use>1</use>
<logicalDatatype>LOGDT019</logicalDatatype>
<dataTypePrecision>8</dataTypePrecision>
<ownDataTypeParameters>,8,</ownDataTypeParameters>
<autoIncrementCycle>false</autoIncrementCycle>
</Column>
<Column name="Num_verificador" id="BEAE9B13-A0BD-F12C-FE38-1F30D11E23B4">
<createdBy>paulo</createdBy>
<createdTime>2024-10-07 02:24:03 UTC</createdTime>
<generatorID>751BF5AD-F7E3-9164-768D-A6FB76D48E27</generatorID>
<ownerDesignName>modelo de datos</ownerDesignName>
<useDomainConstraints>false</useDomainConstraints>
<use>1</use>
<logicalDatatype>LOGDT024</logicalDatatype>
<dataTypeSize>1</dataTypeSize>
<ownDataTypeParameters>1,,</ownDataTypeParameters>
<autoIncrementCycle>false</autoIncrementCycle>
</Column>
<Column name="Prim_nom" id="342993BC-B52E-E75B-672D-96EBDDC2F1FF">
<createdBy>paulo</createdBy>
<createdTime>2024-10-07 02:24:03 UTC</createdTime>
<generatorID>D51E58AE-7AFB-A93D-9E79-648602926B3A</generatorID>
<ownerDesignName>modelo de datos</ownerDesignName>
<useDomainConstraints>false</useDomainConstraints>
<use>1</use>
<logicalDatatype>LOGDT024</logicalDatatype>
<dataTypeSize>30</dataTypeSize>
<ownDataTypeParameters>30,,</ownDataTypeParameters>
<autoIncrementCycle>false</autoIncrementCycle>
</Column>
<Column name="Seg_nom" id="0494A9EE-97C9-5933-034E-2DFC014D159E">
<createdBy>paulo</createdBy>
<createdTime>2024-10-07 02:24:03 UTC</createdTime>
<commentInRDBMS><![CDATA[El segundo nombre no es obligatorio ya que algunas personas no las tienen]]></commentInRDBMS>
<generatorID>659CA064-DEE8-496B-C80E-46B072D0068D</generatorID>
<ownerDesignName>modelo de datos</ownerDesignName>
<nullsAllowed>true</nullsAllowed>
<useDomainConstraints>false</useDomainConstraints>
<use>1</use>
<logicalDatatype>LOGDT024</logicalDatatype>
<dataTypeSize>30</dataTypeSize>
<ownDataTypeParameters>30,,</ownDataTypeParameters>
<autoIncrementCycle>false</autoIncrementCycle>
</Column>
<Column name="Prim_ap" id="B38AEC66-F798-AAD2-6C6A-29DF196188B0">
<createdBy>paulo</createdBy>
<createdTime>2024-10-07 02:24:03 UTC</createdTime>
<generatorID>84FF9848-34DB-19A4-E9A9-EF08340AC58B</generatorID>
<ownerDesignName>modelo de datos</ownerDesignName>
<useDomainConstraints>false</useDomainConstraints>
<use>1</use>
<logicalDatatype>LOGDT024</logicalDatatype>
<dataTypeSize>40</dataTypeSize>
<ownDataTypeParameters>40,,</ownDataTypeParameters>
<autoIncrementCycle>false</autoIncrementCycle>
</Column>
<Column name="Seg_ap" id="B432BF71-DC55-7C35-FB04-54017EA2A227">
<createdBy>paulo</createdBy>
<createdTime>2024-10-07 02:24:03 UTC</createdTime>
<commentInRDBMS><![CDATA[El segundo apellido no es obligatorio ya que algunas persona no la tienen]]></commentInRDBMS>
<generatorID>BB422740-D73A-526D-91B5-270CD47D3F93</generatorID>
<ownerDesignName>modelo de datos</ownerDesignName>
<nullsAllowed>true</nullsAllowed>
<useDomainConstraints>false</useDomainConstraints>
<use>1</use>
<logicalDatatype>LOGDT024</logicalDatatype>
<dataTypeSize>40</dataTypeSize>
<ownDataTypeParameters>40,,</ownDataTypeParameters>
<autoIncrementCycle>false</autoIncrementCycle>
</Column>
<Column name="correo" id="4270DADD-EBCD-4161-92CF-E80A81C2C7E9">
<createdBy>paulo</createdBy>
<createdTime>2024-10-07 02:24:03 UTC</createdTime>
<commentInRDBMS><![CDATA[El correo es necesario que tenga como obligacion el @ y el .]]></commentInRDBMS>
<generatorID>065FCB8F-59F4-3074-1419-7C4DDA5CF1EA</generatorID>
<ownerDesignName>modelo de datos</ownerDesignName>
<useDomainConstraints>false</useDomainConstraints>
<use>1</use>
<logicalDatatype>LOGDT024</logicalDatatype>
<dataTypeSize>40</dataTypeSize>
<ownDataTypeParameters>40,,</ownDataTypeParameters>
<autoIncrementCycle>false</autoIncrementCycle>
</Column>
<Column name="Contraseña" id="C90269BA-680A-252F-818A-67ECC2838B75">
<createdBy>paulo</createdBy>
<createdTime>2024-10-07 02:24:03 UTC</createdTime>
<commentInRDBMS><![CDATA[La contraseña tiene que cumplir con la encriptacion de esta y que sea segura]]></commentInRDBMS>
<generatorID>EAB49F01-4E05-B7B4-B616-CD477297A5D1</generatorID>
<ownerDesignName>modelo de datos</ownerDesignName>
<useDomainConstraints>false</useDomainConstraints>
<use>1</use>
<logicalDatatype>LOGDT024</logicalDatatype>
<dataTypeSize>40</dataTypeSize>
<ownDataTypeParameters>40,,</ownDataTypeParameters>
<autoIncrementCycle>false</autoIncrementCycle>
</Column>
<Column name="Taller_ID_Taller" id="840F7ACC-CD7E-5A0C-5680-D4E3E60CEE9C">
<createdBy>paulo</createdBy>
<createdTime>2024-10-07 02:24:03 UTC</createdTime>
<generatorID>55C5F27D-7CEA-7F1E-BAA6-88F10A3AEC26</generatorID>
<ownerDesignName>modelo de datos</ownerDesignName>
<useDomainConstraints>false</useDomainConstraints>
<use>1</use>
<logicalDatatype>LOGDT019</logicalDatatype>
<dataTypePrecision>10</dataTypePrecision>
<ownDataTypeParameters>,,</ownDataTypeParameters>
<previousColumn>false</previousColumn>
<autoIncrementCycle>false</autoIncrementCycle>
<associations>
<colAssociation fkAssociation="67A60D1A-BE9E-C39B-0803-A80DEF47A010" referredColumn="D253758A-AEC8-4BA6-E8E5-6D3B70BE19F5"/>
</associations>
</Column>
<Column name="Taller_Ciudad_Cod_ciudad" id="5DCFE629-8D7A-5AD1-5220-02B061384542">
<createdBy>paulo</createdBy>
<createdTime>2024-10-07 02:24:03 UTC</createdTime>
<generatorID>F3516E37-80EC-6011-25B9-21AE6D1FA738</generatorID>
<ownerDesignName>modelo de datos</ownerDesignName>
<use>0</use>
<ownDataTypeParameters>,,</ownDataTypeParameters>
<previousColumn>false</previousColumn>
<autoIncrementCycle>false</autoIncrementCycle>
<associations>
<colAssociation fkAssociation="67A60D1A-BE9E-C39B-0803-A80DEF47A010" referredColumn="15F06C0E-F18A-1BE5-8396-0D6232553FD7"/>
</associations>
</Column>
<Column name="Taller_Ciudad_Region_Cod_region" id="834AAB31-6937-5C73-137F-1CAB21588DE9">
<createdBy>paulo</createdBy>
<createdTime>2024-10-07 02:24:03 UTC</createdTime>
<generatorID>A66B55C1-07C7-FF26-A687-E624FF217319</generatorID>
<ownerDesignName>modelo de datos</ownerDesignName>
<useDomainConstraints>false</useDomainConstraints>
<use>1</use>
<logicalDatatype>LOGDT019</logicalDatatype>
<dataTypePrecision>20</dataTypePrecision>
<ownDataTypeParameters>,,</ownDataTypeParameters>
<previousColumn>false</previousColumn>
<autoIncrementCycle>false</autoIncrementCycle>
<associations>
<colAssociation fkAssociation="67A60D1A-BE9E-C39B-0803-A80DEF47A010" referredColumn="EFD27F94-0491-C665-123D-A83ED00D5158"/>
</associations>
</Column>
</columns>
<indexes itemClass="oracle.dbtools.crest.model.design.relational.Index">
<ind_PK_UK id="8B5B89F5-6D7C-98FC-AF63-D42237F30FA4" name="Gerente_PK">
<createdBy>paulo</createdBy>
<createdTime>2024-10-07 02:24:03 UTC</createdTime>
<generatorID>3206E0F9-2085-7F74-A2F2-CF30E6D5027D</generatorID>
<ownerDesignName>modelo de datos</ownerDesignName>
<pk>true</pk>
<indexState>Primary Constraint</indexState>
<isSurrogateKey>false</isSurrogateKey>
<indexColumnUsage>
<colUsage columnID="723F9A9D-3AB0-8264-3979-8D5C6BD68FD9"/>
</indexColumnUsage>
</ind_PK_UK>
<ind_PK_UK id="B8B18BA6-7F4A-51F4-44D0-3CA5D4569881" name="Gerente__IDX">
<createdBy>paulo</createdBy>
<createdTime>2024-10-07 02:24:03 UTC</createdTime>
<ownerDesignName>modelo de datos</ownerDesignName>
<indexState>Unique Plain Index</indexState>
<isSurrogateKey>false</isSurrogateKey>
<relationGeneratorID>691760AF-A999-1F9F-3B12-D3C49D365E04</relationGeneratorID>
<indexColumnUsage>
<colUsage columnID="840F7ACC-CD7E-5A0C-5680-D4E3E60CEE9C"/>
<colUsage columnID="5DCFE629-8D7A-5AD1-5220-02B061384542"/>
<colUsage columnID="834AAB31-6937-5C73-137F-1CAB21588DE9"/>
</indexColumnUsage>
</ind_PK_UK>
<ind_PK_UK id="ECD0B5F4-65D4-FB28-BAFA-B08008B6A8E5" name="Gerente_Taller_FK">
<createdBy>paulo</createdBy>
<createdTime>2024-10-07 02:24:03 UTC</createdTime>
<generatorID>691760AF-A999-1F9F-3B12-D3C49D365E04</generatorID>
<ownerDesignName>modelo de datos</ownerDesignName>
<indexState>Foreign Key</indexState>
<isSurrogateKey>false</isSurrogateKey>
<indexColumnUsage>
<colUsage columnID="840F7ACC-CD7E-5A0C-5680-D4E3E60CEE9C"/>
<colUsage columnID="5DCFE629-8D7A-5AD1-5220-02B061384542"/>
<colUsage columnID="834AAB31-6937-5C73-137F-1CAB21588DE9"/>
</indexColumnUsage>
</ind_PK_UK>
</indexes>
</Table>