<?xml version = '1.0' encoding = 'UTF-8'?>
<Table class="oracle.dbtools.crest.model.design.relational.Table" directorySegmentName="seg_0" id="8618DF98-1A20-13CD-1FBD-5AD37D2C4135" name="mecanico">
<createdBy>paulo</createdBy>
<createdTime>2024-10-07 02:24:03 UTC</createdTime>
<generatorID>F40F718D-4609-0AA4-B0F0-BAE4074269AF</generatorID>
<ownerDesignName>modelo de datos</ownerDesignName>
<allowColumnReorder>false</allowColumnReorder>
<existDependencyGenerateInDDl>true</existDependencyGenerateInDDl>
<parsed>true</parsed>
<columns itemClass="oracle.dbtools.crest.model.design.relational.Column">
<Column name="ID_Mecanico" id="A992A029-3CFE-A000-DBE6-8156AADAEC86">
<createdBy>paulo</createdBy>
<createdTime>2024-10-07 02:24:03 UTC</createdTime>
<generatorID>D092B664-FA86-13F5-C132-398F6E7A7912</generatorID>
<ownerDesignName>modelo de datos</ownerDesignName>
<useDomainConstraints>false</useDomainConstraints>
<use>1</use>
<logicalDatatype>LOGDT019</logicalDatatype>
<dataTypePrecision>30</dataTypePrecision>
<ownDataTypeParameters>,30,</ownDataTypeParameters>
<autoIncrementCycle>false</autoIncrementCycle>
</Column>
<Column name="Rut" id="BBCB5DB9-FA2A-3A3A-041C-485B27B53359">
<createdBy>paulo</createdBy>
<createdTime>2024-10-07 02:24:03 UTC</createdTime>
<generatorID>5DDA4F89-3550-F77E-FA02-FDCB4317514C</generatorID>
<ownerDesignName>modelo de datos</ownerDesignName>
<useDomainConstraints>false</useDomainConstraints>
<use>1</use>
<logicalDatatype>LOGDT019</logicalDatatype>
<dataTypePrecision>8</dataTypePrecision>
<ownDataTypeParameters>,8,</ownDataTypeParameters>
<autoIncrementCycle>false</autoIncrementCycle>
</Column>
<Column name="Num_verificador" id="DC6BA7A6-9B1E-8119-9F34-12C09FECC572">
<createdBy>paulo</createdBy>
<createdTime>2024-10-07 02:24:03 UTC</createdTime>
<generatorID>0A93E389-BC0C-FFFE-7E9A-04C41D33DAAB</generatorID>
<ownerDesignName>modelo de datos</ownerDesignName>
<useDomainConstraints>false</useDomainConstraints>
<use>1</use>
<logicalDatatype>LOGDT024</logicalDatatype>
<dataTypeSize>1</dataTypeSize>
<ownDataTypeParameters>1,,</ownDataTypeParameters>
<autoIncrementCycle>false</autoIncrementCycle>
</Column>
<Column name="Prim_nom" id="28F99A89-8838-32E9-99C8-A6101AA7D484">
<createdBy>paulo</createdBy>
<createdTime>2024-10-07 02:24:03 UTC</createdTime>
<generatorID>BBEE92BB-6928-6350-18BE-7E518234E9B5</generatorID>
<ownerDesignName>modelo de datos</ownerDesignName>
<useDomainConstraints>false</useDomainConstraints>
<use>1</use>
<logicalDatatype>LOGDT024</logicalDatatype>
<dataTypeSize>30</dataTypeSize>
<ownDataTypeParameters>30,,</ownDataTypeParameters>
<autoIncrementCycle>false</autoIncrementCycle>
</Column>
<Column name="Seg_nom" id="E75A675A-DEDD-3548-70B1-327E6B235D06">
<createdBy>paulo</createdBy>
<createdTime>2024-10-07 02:24:03 UTC</createdTime>
<commentInRDBMS><![CDATA[El segundo nombre no es obligatorio ya que algunas personas no las tienen]]></commentInRDBMS>
<generatorID>94BE0867-8F71-2754-D1F4-F86EE28779DE</generatorID>
<ownerDesignName>modelo de datos</ownerDesignName>
<nullsAllowed>true</nullsAllowed>
<useDomainConstraints>false</useDomainConstraints>
<use>1</use>
<logicalDatatype>LOGDT024</logicalDatatype>
<dataTypeSize>30</dataTypeSize>
<ownDataTypeParameters>30,,</ownDataTypeParameters>
<autoIncrementCycle>false</autoIncrementCycle>
</Column>
<Column name="Prim_ap" id="1FBF61F7-6C10-747F-D3C3-6C0A9234D6D7">
<createdBy>paulo</createdBy>
<createdTime>2024-10-07 02:24:03 UTC</createdTime>
<generatorID>EC49938A-BE74-829C-E883-9D4E2910485F</generatorID>
<ownerDesignName>modelo de datos</ownerDesignName>
<useDomainConstraints>false</useDomainConstraints>
<use>1</use>
<logicalDatatype>LOGDT024</logicalDatatype>
<dataTypeSize>40</dataTypeSize>
<ownDataTypeParameters>40,,</ownDataTypeParameters>
<autoIncrementCycle>false</autoIncrementCycle>
</Column>
<Column name="Seg_ap" id="F9AAA137-1E0C-B319-018E-C271D533B145">
<createdBy>paulo</createdBy>
<createdTime>2024-10-07 02:24:03 UTC</createdTime>
<commentInRDBMS><![CDATA[El segundo apellido no es obligatorio ya que algunas persona no la tienen]]></commentInRDBMS>
<generatorID>8A76FE35-6939-110F-C9D1-CEBC1ECA4D99</generatorID>
<ownerDesignName>modelo de datos</ownerDesignName>
<nullsAllowed>true</nullsAllowed>
<useDomainConstraints>false</useDomainConstraints>
<use>1</use>
<logicalDatatype>LOGDT024</logicalDatatype>
<dataTypeSize>40</dataTypeSize>
<ownDataTypeParameters>40,,</ownDataTypeParameters>
<autoIncrementCycle>false</autoIncrementCycle>
</Column>
<Column name="correo" id="32D38371-ACD5-D330-B7F1-ED38BB28908E">
<createdBy>paulo</createdBy>
<createdTime>2024-10-07 02:24:03 UTC</createdTime>
<commentInRDBMS><![CDATA[El correo es necesario que tenga como obligacion el @ y el .]]></commentInRDBMS>
<generatorID>6FFC00D1-52AF-B194-CDE7-9B5461D1399C</generatorID>
<ownerDesignName>modelo de datos</ownerDesignName>
<useDomainConstraints>false</useDomainConstraints>
<use>1</use>
<logicalDatatype>LOGDT024</logicalDatatype>
<dataTypeSize>40</dataTypeSize>
<ownDataTypeParameters>40,,</ownDataTypeParameters>
<autoIncrementCycle>false</autoIncrementCycle>
</Column>
<Column name="Contraseña" id="CA4F1CEC-BFF4-5247-A5B7-D9EA1D2F88A8">
<createdBy>paulo</createdBy>
<createdTime>2024-10-07 02:24:03 UTC</createdTime>
<commentInRDBMS><![CDATA[La contraseña tiene que cumplir con la encriptacion de esta y que sea segura]]></commentInRDBMS>
<generatorID>172F31F5-FA95-D7A9-4D3F-4AAE278E6D0C</generatorID>
<ownerDesignName>modelo de datos</ownerDesignName>
<useDomainConstraints>false</useDomainConstraints>
<use>1</use>
<logicalDatatype>LOGDT024</logicalDatatype>
<dataTypeSize>40</dataTypeSize>
<ownDataTypeParameters>40,,</ownDataTypeParameters>
<autoIncrementCycle>false</autoIncrementCycle>
</Column>
<Column name="Taller_ID_Taller" id="897D7F1B-B589-5B3F-034D-EA2389FF5EDF">
<createdBy>paulo</createdBy>
<createdTime>2024-10-07 02:24:03 UTC</createdTime>
<generatorID>438A48B9-8568-F2A5-1DC0-B3DC6A9B3977</generatorID>
<ownerDesignName>modelo de datos</ownerDesignName>
<useDomainConstraints>false</useDomainConstraints>
<use>1</use>
<logicalDatatype>LOGDT019</logicalDatatype>
<dataTypePrecision>10</dataTypePrecision>
<ownDataTypeParameters>,,</ownDataTypeParameters>
<previousColumn>false</previousColumn>
<autoIncrementCycle>false</autoIncrementCycle>
<associations>
<colAssociation fkAssociation="6C1CB5E0-2003-298B-F29A-38A1F578458D" referredColumn="D253758A-AEC8-4BA6-E8E5-6D3B70BE19F5"/>
</associations>
</Column>
<Column name="Taller_Ciudad_Cod_ciudad" id="3F41B2F0-A03D-1CEF-C81B-CFDC3C9BD656">
<createdBy>paulo</createdBy>
<createdTime>2024-10-07 02:24:03 UTC</createdTime>
<generatorID>3BA8761F-1D35-89B0-FE63-7D36086945D6</generatorID>
<ownerDesignName>modelo de datos</ownerDesignName>
<use>0</use>
<ownDataTypeParameters>,,</ownDataTypeParameters>
<previousColumn>false</previousColumn>
<autoIncrementCycle>false</autoIncrementCycle>
<associations>
<colAssociation fkAssociation="6C1CB5E0-2003-298B-F29A-38A1F578458D" referredColumn="15F06C0E-F18A-1BE5-8396-0D6232553FD7"/>
</associations>
</Column>
<Column name="Taller_Ciudad_Region_Cod_region" id="9E2CD361-C158-E8C0-9BC9-EEFE11B5F8FB">
<createdBy>paulo</createdBy>
<createdTime>2024-10-07 02:24:03 UTC</createdTime>
<generatorID>20A50EA2-C2C5-52A8-F2B8-D42C8998AFE7</generatorID>
<ownerDesignName>modelo de datos</ownerDesignName>
<useDomainConstraints>false</useDomainConstraints>
<use>1</use>
<logicalDatatype>LOGDT019</logicalDatatype>
<dataTypePrecision>20</dataTypePrecision>
<ownDataTypeParameters>,,</ownDataTypeParameters>
<previousColumn>false</previousColumn>
<autoIncrementCycle>false</autoIncrementCycle>
<associations>
<colAssociation fkAssociation="6C1CB5E0-2003-298B-F29A-38A1F578458D" referredColumn="EFD27F94-0491-C665-123D-A83ED00D5158"/>
</associations>
</Column>
</columns>
<indexes itemClass="oracle.dbtools.crest.model.design.relational.Index">
<ind_PK_UK id="B99FBF19-D229-D9E0-BAB7-40BE06900E05" name="mecanico_PK">
<createdBy>paulo</createdBy>
<createdTime>2024-10-07 02:24:03 UTC</createdTime>
<generatorID>EAB13CE0-0D4C-0399-4D10-753C3DBD4B14</generatorID>
<ownerDesignName>modelo de datos</ownerDesignName>
<pk>true</pk>
<indexState>Primary Constraint</indexState>
<isSurrogateKey>false</isSurrogateKey>
<indexColumnUsage>
<colUsage columnID="A992A029-3CFE-A000-DBE6-8156AADAEC86"/>
<colUsage columnID="897D7F1B-B589-5B3F-034D-EA2389FF5EDF"/>
<colUsage columnID="3F41B2F0-A03D-1CEF-C81B-CFDC3C9BD656"/>
<colUsage columnID="9E2CD361-C158-E8C0-9BC9-EEFE11B5F8FB"/>
</indexColumnUsage>
</ind_PK_UK>
<ind_PK_UK id="BE48C37E-B00B-2CF0-D401-7925C4D52A12" name="mecanico_Taller_FK">
<createdBy>paulo</createdBy>
<createdTime>2024-10-07 02:24:03 UTC</createdTime>
<generatorID>7B7AA25C-1BB0-A7E9-29B3-660784FE7BB3</generatorID>
<ownerDesignName>modelo de datos</ownerDesignName>
<indexState>Foreign Key</indexState>
<isSurrogateKey>false</isSurrogateKey>
<indexColumnUsage>
<colUsage columnID="897D7F1B-B589-5B3F-034D-EA2389FF5EDF"/>
<colUsage columnID="3F41B2F0-A03D-1CEF-C81B-CFDC3C9BD656"/>
<colUsage columnID="9E2CD361-C158-E8C0-9BC9-EEFE11B5F8FB"/>
</indexColumnUsage>
</ind_PK_UK>
</indexes>
</Table>