<?xml version = '1.0' encoding = 'UTF-8'?>
<Table class="oracle.dbtools.crest.model.design.relational.Table" directorySegmentName="seg_0" id="8744AA38-8842-7D86-C394-0121E791BF03" name="Auto">
<createdBy>paulo</createdBy>
<createdTime>2024-10-07 02:24:03 UTC</createdTime>
<generatorID>4E81F8FA-CB6F-E7E1-D112-BEA48DF5A880</generatorID>
<ownerDesignName>modelo de datos</ownerDesignName>
<allowColumnReorder>false</allowColumnReorder>
<existDependencyGenerateInDDl>true</existDependencyGenerateInDDl>
<parsed>true</parsed>
<columns itemClass="oracle.dbtools.crest.model.design.relational.Column">
<Column name="ID_vehiculo" id="3B4D14B9-5298-011B-C644-865236FAFD4F">
<createdBy>paulo</createdBy>
<createdTime>2024-10-07 02:24:03 UTC</createdTime>
<generatorID>67CB9B80-FE7A-0222-90CB-0F9BD34B291A</generatorID>
<ownerDesignName>modelo de datos</ownerDesignName>
<useDomainConstraints>false</useDomainConstraints>
<use>1</use>
<logicalDatatype>LOGDT019</logicalDatatype>
<dataTypePrecision>10</dataTypePrecision>
<ownDataTypeParameters>,10,</ownDataTypeParameters>
<autoIncrementCycle>false</autoIncrementCycle>
</Column>
<Column name="Patente" id="37100715-054E-4E9E-A073-E06F055C4CF3">
<createdBy>paulo</createdBy>
<createdTime>2024-10-07 02:24:03 UTC</createdTime>
<generatorID>B73AD863-4FD7-EBF6-BEA1-6ED7E5E714B6</generatorID>
<ownerDesignName>modelo de datos</ownerDesignName>
<useDomainConstraints>false</useDomainConstraints>
<use>1</use>
<logicalDatatype>LOGDT024</logicalDatatype>
<dataTypeSize>6</dataTypeSize>
<ownDataTypeParameters>6,,</ownDataTypeParameters>
<autoIncrementCycle>false</autoIncrementCycle>
</Column>
<Column name="Marca" id="74AB800A-1F55-9075-C877-1459624F32D4">
<createdBy>paulo</createdBy>
<createdTime>2024-10-07 02:24:03 UTC</createdTime>
<generatorID>5892DCB5-7767-664A-046E-5DB9A93939F1</generatorID>
<ownerDesignName>modelo de datos</ownerDesignName>
<useDomainConstraints>false</useDomainConstraints>
<use>1</use>
<logicalDatatype>LOGDT024</logicalDatatype>
<ownDataTypeParameters>,,</ownDataTypeParameters>
<autoIncrementCycle>false</autoIncrementCycle>
</Column>
<Column name="Año" id="8EE6A25E-1BEC-575D-B3B0-CE8B1A28ECAC">
<createdBy>paulo</createdBy>
<createdTime>2024-10-07 02:24:03 UTC</createdTime>
<generatorID>7C52C02F-5BF1-0820-6814-F89F77A121D4</generatorID>
<ownerDesignName>modelo de datos</ownerDesignName>
<useDomainConstraints>false</useDomainConstraints>
<use>1</use>
<logicalDatatype>LOGDT007</logicalDatatype>
<ownDataTypeParameters>,,</ownDataTypeParameters>
<autoIncrementCycle>false</autoIncrementCycle>
</Column>
<Column name="Kilometraje" id="F2354506-DB42-E6C9-C5FA-E7668DFD0136">
<createdBy>paulo</createdBy>
<createdTime>2024-10-07 02:24:03 UTC</createdTime>
<generatorID>53200CAC-4E16-7E9B-E80F-8EABF5EB64C9</generatorID>
<ownerDesignName>modelo de datos</ownerDesignName>
<useDomainConstraints>false</useDomainConstraints>
<use>1</use>
<logicalDatatype>LOGDT019</logicalDatatype>
<dataTypePrecision>10</dataTypePrecision>
<ownDataTypeParameters>,10,</ownDataTypeParameters>
<autoIncrementCycle>false</autoIncrementCycle>
</Column>
<Column name="Modelo" id="FB86B0EC-1247-2230-9031-62057F557522">
<createdBy>paulo</createdBy>
<createdTime>2024-10-07 02:24:03 UTC</createdTime>
<generatorID>0980C183-0965-8B13-CE2E-8A50B283E35C</generatorID>
<ownerDesignName>modelo de datos</ownerDesignName>
<useDomainConstraints>false</useDomainConstraints>
<use>1</use>
<logicalDatatype>LOGDT024</logicalDatatype>
<dataTypeSize>20</dataTypeSize>
<ownDataTypeParameters>20,,</ownDataTypeParameters>
<autoIncrementCycle>false</autoIncrementCycle>
</Column>
<Column name="User_ID_usuario" id="4C9C7DB3-0667-AD9F-6C99-416D3CC80848">
<createdBy>paulo</createdBy>
<createdTime>2024-10-07 02:24:03 UTC</createdTime>
<generatorID>92AAABD7-83D9-5E5F-377C-FDF0ED6C3032</generatorID>
<ownerDesignName>modelo de datos</ownerDesignName>
<useDomainConstraints>false</useDomainConstraints>
<use>1</use>
<logicalDatatype>LOGDT019</logicalDatatype>
<dataTypePrecision>30</dataTypePrecision>
<ownDataTypeParameters>,,</ownDataTypeParameters>
<previousColumn>false</previousColumn>
<autoIncrementCycle>false</autoIncrementCycle>
<associations>
<colAssociation fkAssociation="3C224F37-3698-9595-E8CF-8FD34C61E4B9" referredColumn="0C9BA3AF-46C3-9B42-B8B1-BAEAFC721B3A"/>
</associations>
</Column>
<Column name="Tp_vehiculo_Id_tp_vehiculo" id="B6324961-004D-43A8-0A80-20E87F8030E3">
<createdBy>paulo</createdBy>
<createdTime>2024-10-07 02:24:03 UTC</createdTime>
<generatorID>7E6E107D-FEEA-DDCE-6561-065AD0D1C33C</generatorID>
<ownerDesignName>modelo de datos</ownerDesignName>
<useDomainConstraints>false</useDomainConstraints>
<use>1</use>
<logicalDatatype>LOGDT019</logicalDatatype>
<dataTypePrecision>30</dataTypePrecision>
<ownDataTypeParameters>,,</ownDataTypeParameters>
<previousColumn>false</previousColumn>
<autoIncrementCycle>false</autoIncrementCycle>
<associations>
<colAssociation fkAssociation="38BA8E8E-52E0-8BE9-D59B-C7B5246AF8F7" referredColumn="CB93136C-4207-18C4-424B-EA57AD8886D9"/>
</associations>
</Column>
</columns>
<indexes itemClass="oracle.dbtools.crest.model.design.relational.Index">
<ind_PK_UK id="1B51D27E-7D28-707C-8A62-FB718CF14BD8" name="Auto_PK">
<createdBy>paulo</createdBy>
<createdTime>2024-10-07 02:24:03 UTC</createdTime>
<generatorID>54BC9C23-B91E-4899-7086-751F7EDC3537</generatorID>
<ownerDesignName>modelo de datos</ownerDesignName>
<pk>true</pk>
<indexState>Primary Constraint</indexState>
<isSurrogateKey>false</isSurrogateKey>
<indexColumnUsage>
<colUsage columnID="3B4D14B9-5298-011B-C644-865236FAFD4F"/>
<colUsage columnID="4C9C7DB3-0667-AD9F-6C99-416D3CC80848"/>
<colUsage columnID="B6324961-004D-43A8-0A80-20E87F8030E3"/>
</indexColumnUsage>
</ind_PK_UK>
<ind_PK_UK id="C6DE5BB0-D38F-FACA-2571-7C7D14CCEB0E" name="Auto_User_FK">
<createdBy>paulo</createdBy>
<createdTime>2024-10-07 02:24:03 UTC</createdTime>
<generatorID>3279431C-FAE8-28BB-B7CC-9B7437B359BE</generatorID>
<ownerDesignName>modelo de datos</ownerDesignName>
<indexState>Foreign Key</indexState>
<isSurrogateKey>false</isSurrogateKey>
<indexColumnUsage>
<colUsage columnID="4C9C7DB3-0667-AD9F-6C99-416D3CC80848"/>
</indexColumnUsage>
</ind_PK_UK>
<ind_PK_UK id="F9716F6C-EEBE-4ECF-1BE5-A48780F94F53" name="Auto_Tp_vehiculo_FK">
<createdBy>paulo</createdBy>
<createdTime>2024-10-07 02:24:03 UTC</createdTime>
<generatorID>5B5B247A-3D60-4697-F198-4A4CD3B9E12A</generatorID>
<ownerDesignName>modelo de datos</ownerDesignName>
<indexState>Foreign Key</indexState>
<isSurrogateKey>false</isSurrogateKey>
<indexColumnUsage>
<colUsage columnID="B6324961-004D-43A8-0A80-20E87F8030E3"/>
</indexColumnUsage>
</ind_PK_UK>
</indexes>
</Table>