<?xml version = '1.0' encoding = 'UTF-8'?>
<Table class="oracle.dbtools.crest.model.design.relational.Table" directorySegmentName="seg_0" id="90D7415A-06F1-440F-D544-1B93D3836FA0" name="Taller">
<createdBy>paulo</createdBy>
<createdTime>2024-10-07 02:24:03 UTC</createdTime>
<generatorID>515F86E1-2155-22F4-377B-694849B8ED03</generatorID>
<ownerDesignName>modelo de datos</ownerDesignName>
<allowColumnReorder>false</allowColumnReorder>
<existDependencyGenerateInDDl>true</existDependencyGenerateInDDl>
<parsed>true</parsed>
<columns itemClass="oracle.dbtools.crest.model.design.relational.Column">
<Column name="ID_Taller" id="D253758A-AEC8-4BA6-E8E5-6D3B70BE19F5">
<createdBy>paulo</createdBy>
<createdTime>2024-10-07 02:24:03 UTC</createdTime>
<generatorID>684C69E1-949F-DB98-08B5-D68562BA7664</generatorID>
<ownerDesignName>modelo de datos</ownerDesignName>
<useDomainConstraints>false</useDomainConstraints>
<use>1</use>
<logicalDatatype>LOGDT019</logicalDatatype>
<dataTypePrecision>10</dataTypePrecision>
<ownDataTypeParameters>,10,</ownDataTypeParameters>
<autoIncrementCycle>false</autoIncrementCycle>
</Column>
<Column name="Nom_taller" id="CCBD23B4-05D2-09AB-D324-D8CE40B087D2">
<createdBy>paulo</createdBy>
<createdTime>2024-10-07 02:24:03 UTC</createdTime>
<generatorID>81601E95-070D-68C4-9118-181BD01AA444</generatorID>
<ownerDesignName>modelo de datos</ownerDesignName>
<use>0</use>
<ownDataTypeParameters>,,</ownDataTypeParameters>
<autoIncrementCycle>false</autoIncrementCycle>
</Column>
<Column name="Dirrec_taller" id="9E63F584-338D-3775-D36E-A5EC5C668CB8">
<createdBy>paulo</createdBy>
<createdTime>2024-10-07 02:24:03 UTC</createdTime>
<generatorID>1B742A07-1263-AF33-8A23-069D93D7CE54</generatorID>
<ownerDesignName>modelo de datos</ownerDesignName>
<use>0</use>
<ownDataTypeParameters>,,</ownDataTypeParameters>
<autoIncrementCycle>false</autoIncrementCycle>
</Column>
<Column name="Ciudad_Cod_ciudad" id="15F06C0E-F18A-1BE5-8396-0D6232553FD7">
<createdBy>paulo</createdBy>
<createdTime>2024-10-07 02:24:03 UTC</createdTime>
<generatorID>DDC254A5-E3E4-D32F-890C-FC4754E39712</generatorID>
<ownerDesignName>modelo de datos</ownerDesignName>
<use>0</use>
<ownDataTypeParameters>,,</ownDataTypeParameters>
<previousColumn>false</previousColumn>
<autoIncrementCycle>false</autoIncrementCycle>
<associations>
<colAssociation fkAssociation="C42DE71A-5C93-B1D3-79C6-D6E576C9BA07" referredColumn="AA8DFECD-EF4A-02EA-3FC7-2972E091D2B7"/>
</associations>
</Column>
<Column name="Ciudad_Region_Cod_region" id="EFD27F94-0491-C665-123D-A83ED00D5158">
<createdBy>paulo</createdBy>
<createdTime>2024-10-07 02:24:03 UTC</createdTime>
<generatorID>0DAAC259-8C69-AFFB-27B4-0186C324DD29</generatorID>
<ownerDesignName>modelo de datos</ownerDesignName>
<useDomainConstraints>false</useDomainConstraints>
<use>1</use>
<logicalDatatype>LOGDT019</logicalDatatype>
<dataTypePrecision>20</dataTypePrecision>
<ownDataTypeParameters>,,</ownDataTypeParameters>
<previousColumn>false</previousColumn>
<autoIncrementCycle>false</autoIncrementCycle>
<associations>
<colAssociation fkAssociation="C42DE71A-5C93-B1D3-79C6-D6E576C9BA07" referredColumn="8680471E-8B2B-357B-3389-5568DA59C984"/>
</associations>
</Column>
<Column name="Gerente_ID" id="B887503F-18DE-AF87-40DF-A1D666A8031B">
<createdBy>paulo</createdBy>
<createdTime>2024-10-07 02:24:03 UTC</createdTime>
<generatorID>0012346E-29A6-C49E-40F0-0B2B828BB960</generatorID>
<ownerDesignName>modelo de datos</ownerDesignName>
<useDomainConstraints>false</useDomainConstraints>
<use>1</use>
<logicalDatatype>LOGDT019</logicalDatatype>
<dataTypePrecision>30</dataTypePrecision>
<ownDataTypeParameters>,,</ownDataTypeParameters>
<previousColumn>false</previousColumn>
<autoIncrementCycle>false</autoIncrementCycle>
<associations>
<colAssociation fkAssociation="3A20BC3D-CDF2-FFE5-7BA6-72AFBC344451" referredColumn="723F9A9D-3AB0-8264-3979-8D5C6BD68FD9"/>
</associations>
</Column>
</columns>
<indexes itemClass="oracle.dbtools.crest.model.design.relational.Index">
<ind_PK_UK id="9337ECA2-9ED6-E755-8B67-E3DF7C317A0B" name="Taller_PK">
<createdBy>paulo</createdBy>
<createdTime>2024-10-07 02:24:03 UTC</createdTime>
<generatorID>76E13309-EF0C-3B55-07DA-2871299F7503</generatorID>
<ownerDesignName>modelo de datos</ownerDesignName>
<pk>true</pk>
<indexState>Primary Constraint</indexState>
<isSurrogateKey>false</isSurrogateKey>
<indexColumnUsage>
<colUsage columnID="D253758A-AEC8-4BA6-E8E5-6D3B70BE19F5"/>
<colUsage columnID="15F06C0E-F18A-1BE5-8396-0D6232553FD7"/>
<colUsage columnID="EFD27F94-0491-C665-123D-A83ED00D5158"/>
</indexColumnUsage>
</ind_PK_UK>
<ind_PK_UK id="3EB5946A-F339-7532-62FA-8189CBBFB1C7" name="Taller__IDX">
<createdBy>paulo</createdBy>
<createdTime>2024-10-07 02:24:03 UTC</createdTime>
<ownerDesignName>modelo de datos</ownerDesignName>
<indexState>Unique Plain Index</indexState>
<isSurrogateKey>false</isSurrogateKey>
<relationGeneratorID>691760AF-A999-1F9F-3B12-D3C49D365E04</relationGeneratorID>
<indexColumnUsage>
<colUsage columnID="B887503F-18DE-AF87-40DF-A1D666A8031B"/>
</indexColumnUsage>
</ind_PK_UK>
<ind_PK_UK id="5FF8CB90-6700-BCB0-2390-074D5307ECA8" name="Taller_Ciudad_FK">
<createdBy>paulo</createdBy>
<createdTime>2024-10-07 02:24:03 UTC</createdTime>
<generatorID>5858640B-FACF-774F-2E93-FC35E4E16CF2</generatorID>
<ownerDesignName>modelo de datos</ownerDesignName>
<indexState>Foreign Key</indexState>
<isSurrogateKey>false</isSurrogateKey>
<indexColumnUsage>
<colUsage columnID="15F06C0E-F18A-1BE5-8396-0D6232553FD7"/>
<colUsage columnID="EFD27F94-0491-C665-123D-A83ED00D5158"/>
</indexColumnUsage>
</ind_PK_UK>
<ind_PK_UK id="CE3EA2AD-6156-2C51-55AB-A59EDB411A6C" name="Taller_Gerente_FK">
<createdBy>paulo</createdBy>
<createdTime>2024-10-07 02:24:03 UTC</createdTime>
<generatorID>691760AF-A999-1F9F-3B12-D3C49D365E04</generatorID>
<ownerDesignName>modelo de datos</ownerDesignName>
<indexState>Foreign Key</indexState>
<isSurrogateKey>false</isSurrogateKey>
<indexColumnUsage>
<colUsage columnID="B887503F-18DE-AF87-40DF-A1D666A8031B"/>
</indexColumnUsage>
</ind_PK_UK>
</indexes>
</Table>