<?xml version = '1.0' encoding = 'UTF-8'?>
<Table class="oracle.dbtools.crest.model.design.relational.Table" directorySegmentName="seg_0" id="ACE6B185-FE52-9012-DCB3-4C38B406FDBA" name="Notificacion">
<createdBy>paulo</createdBy>
<createdTime>2024-10-07 02:24:03 UTC</createdTime>
<generatorID>8CCCFFE7-834F-26F7-F2BB-BAE860A02F8C</generatorID>
<ownerDesignName>modelo de datos</ownerDesignName>
<allowColumnReorder>false</allowColumnReorder>
<existDependencyGenerateInDDl>true</existDependencyGenerateInDDl>
<parsed>true</parsed>
<columns itemClass="oracle.dbtools.crest.model.design.relational.Column">
<Column name="Servicios_Id_servicio" id="B414538C-369F-18B4-A86F-AF8019CF6B34">
<createdBy>paulo</createdBy>
<createdTime>2024-10-07 02:24:03 UTC</createdTime>
<generatorID>6D61E13E-6E02-5307-AD62-EB50D3AAEA7D</generatorID>
<ownerDesignName>modelo de datos</ownerDesignName>
<useDomainConstraints>false</useDomainConstraints>
<use>1</use>
<logicalDatatype>LOGDT019</logicalDatatype>
<dataTypePrecision>20</dataTypePrecision>
<ownDataTypeParameters>,,</ownDataTypeParameters>
<previousColumn>false</previousColumn>
<autoIncrementCycle>false</autoIncrementCycle>
<associations>
<colAssociation fkAssociation="E3F0337A-0CD9-2F9C-93B2-F55F93D90EA0" referredColumn="C83573B0-6755-60AB-DB13-8272E8930FDF"/>
</associations>
</Column>
<Column name="Auto_ID_vehiculo" id="D451340F-1910-4ADE-524D-239B3A5CC24C">
<createdBy>paulo</createdBy>
<createdTime>2024-10-07 02:24:03 UTC</createdTime>
<generatorID>4B8BAF0E-5BDC-2EBA-C3B5-402A1CBB7106</generatorID>
<ownerDesignName>modelo de datos</ownerDesignName>
<useDomainConstraints>false</useDomainConstraints>
<use>1</use>
<logicalDatatype>LOGDT019</logicalDatatype>
<dataTypePrecision>10</dataTypePrecision>
<ownDataTypeParameters>,,</ownDataTypeParameters>
<previousColumn>false</previousColumn>
<autoIncrementCycle>false</autoIncrementCycle>
<associations>
<colAssociation fkAssociation="3B468493-D98C-A525-4170-C631D556D98C" referredColumn="3B4D14B9-5298-011B-C644-865236FAFD4F"/>
</associations>
</Column>
<Column name="Auto_User_ID_usuario" id="540D3E5E-5570-FB2C-9BAA-37F958B99B38">
<createdBy>paulo</createdBy>
<createdTime>2024-10-07 02:24:03 UTC</createdTime>
<generatorID>790699AD-2E82-BC54-D5BA-2D885C30DF81</generatorID>
<ownerDesignName>modelo de datos</ownerDesignName>
<useDomainConstraints>false</useDomainConstraints>
<use>1</use>
<logicalDatatype>LOGDT019</logicalDatatype>
<dataTypePrecision>30</dataTypePrecision>
<ownDataTypeParameters>,,</ownDataTypeParameters>
<previousColumn>false</previousColumn>
<autoIncrementCycle>false</autoIncrementCycle>
<associations>
<colAssociation fkAssociation="3B468493-D98C-A525-4170-C631D556D98C" referredColumn="4C9C7DB3-0667-AD9F-6C99-416D3CC80848"/>
</associations>
</Column>
<Column name="Auto_Tp_vehiculo_Id_tp_vehiculo" id="FFD01B94-0131-ACA6-92EE-3C3C445C02C6">
<createdBy>paulo</createdBy>
<createdTime>2024-10-07 02:24:03 UTC</createdTime>
<generatorID>F5D23581-DB2E-01B8-AB06-2D53FECE3AA6</generatorID>
<ownerDesignName>modelo de datos</ownerDesignName>
<useDomainConstraints>false</useDomainConstraints>
<use>1</use>
<logicalDatatype>LOGDT019</logicalDatatype>
<dataTypePrecision>30</dataTypePrecision>
<ownDataTypeParameters>,,</ownDataTypeParameters>
<previousColumn>false</previousColumn>
<autoIncrementCycle>false</autoIncrementCycle>
<associations>
<colAssociation fkAssociation="3B468493-D98C-A525-4170-C631D556D98C" referredColumn="B6324961-004D-43A8-0A80-20E87F8030E3"/>
</associations>
</Column>
<Column name="Servicios_Cod_servicio" id="EEC5EEB8-D448-0F11-A450-0BAE997C1A8E">
<createdBy>paulo</createdBy>
<createdTime>2024-10-07 02:24:03 UTC</createdTime>
<generatorID>4D6AA689-8A2D-3087-56AF-C0CD206A1593</generatorID>
<ownerDesignName>modelo de datos</ownerDesignName>
<use>0</use>
<ownDataTypeParameters>,,</ownDataTypeParameters>
<previousColumn>false</previousColumn>
<autoIncrementCycle>false</autoIncrementCycle>
<associations>
<colAssociation fkAssociation="E3F0337A-0CD9-2F9C-93B2-F55F93D90EA0" referredColumn="2CF01C95-BD67-3ED4-5441-AF986C1E7A18"/>
</associations>
</Column>
</columns>
<indexes itemClass="oracle.dbtools.crest.model.design.relational.Index">
<ind_PK_UK id="BC464E3E-35E8-31B6-6B55-2759BEFC64FF" name="Notificacion_PK">
<createdBy>paulo</createdBy>
<createdTime>2024-10-07 02:24:03 UTC</createdTime>
<generatorID>BE0F178A-DD64-1051-34C9-31E3490D7595</generatorID>
<ownerDesignName>modelo de datos</ownerDesignName>
<pk>true</pk>
<indexState>Primary Constraint</indexState>
<isSurrogateKey>false</isSurrogateKey>
<indexColumnUsage>
<colUsage columnID="B414538C-369F-18B4-A86F-AF8019CF6B34"/>
<colUsage columnID="EEC5EEB8-D448-0F11-A450-0BAE997C1A8E"/>
<colUsage columnID="D451340F-1910-4ADE-524D-239B3A5CC24C"/>
<colUsage columnID="540D3E5E-5570-FB2C-9BAA-37F958B99B38"/>
<colUsage columnID="FFD01B94-0131-ACA6-92EE-3C3C445C02C6"/>
</indexColumnUsage>
</ind_PK_UK>
<ind_PK_UK id="D73E7A4A-42FC-063E-749A-1B9DE98AA557" name="Notificacion_Servicios_FK">
<createdBy>paulo</createdBy>
<createdTime>2024-10-07 02:24:03 UTC</createdTime>
<generatorID>BABD54E4-21E5-627F-039D-EE6805D14272</generatorID>
<ownerDesignName>modelo de datos</ownerDesignName>
<indexState>Foreign Key</indexState>
<isSurrogateKey>false</isSurrogateKey>
<indexColumnUsage>
<colUsage columnID="B414538C-369F-18B4-A86F-AF8019CF6B34"/>
<colUsage columnID="EEC5EEB8-D448-0F11-A450-0BAE997C1A8E"/>
</indexColumnUsage>
</ind_PK_UK>
<ind_PK_UK id="C15DD79F-9ABA-EA2B-BECF-C4DE827501D0" name="Notificacion_Auto_FK">
<createdBy>paulo</createdBy>
<createdTime>2024-10-07 02:24:03 UTC</createdTime>
<generatorID>366D140A-65EA-E911-4CFB-3A7913177036</generatorID>
<ownerDesignName>modelo de datos</ownerDesignName>
<indexState>Foreign Key</indexState>
<isSurrogateKey>false</isSurrogateKey>
<indexColumnUsage>
<colUsage columnID="D451340F-1910-4ADE-524D-239B3A5CC24C"/>
<colUsage columnID="540D3E5E-5570-FB2C-9BAA-37F958B99B38"/>
<colUsage columnID="FFD01B94-0131-ACA6-92EE-3C3C445C02C6"/>
</indexColumnUsage>
</ind_PK_UK>
</indexes>
</Table>