<?xml version = '1.0' encoding = 'UTF-8'?>
<Table class="oracle.dbtools.crest.model.design.relational.Table" directorySegmentName="seg_0" id="AD6E5168-4E2D-6082-5580-170D8FC3C0C4" name="Region">
<createdBy>paulo</createdBy>
<createdTime>2024-10-07 02:24:03 UTC</createdTime>
<generatorID>8BDF8DEA-09CF-5129-DB06-EE346D109C10</generatorID>
<ownerDesignName>modelo de datos</ownerDesignName>
<allowColumnReorder>false</allowColumnReorder>
<existDependencyGenerateInDDl>true</existDependencyGenerateInDDl>
<parsed>true</parsed>
<columns itemClass="oracle.dbtools.crest.model.design.relational.Column">
<Column name="Cod_region" id="595B238F-5F00-8EDB-0AFD-9D007F450CF2">
<createdBy>paulo</createdBy>
<createdTime>2024-10-07 02:24:03 UTC</createdTime>
<generatorID>B757268D-952F-7C44-CC6D-35F05D68AD43</generatorID>
<ownerDesignName>modelo de datos</ownerDesignName>
<useDomainConstraints>false</useDomainConstraints>
<use>1</use>
<logicalDatatype>LOGDT019</logicalDatatype>
<dataTypePrecision>20</dataTypePrecision>
<ownDataTypeParameters>,20,</ownDataTypeParameters>
<autoIncrementCycle>false</autoIncrementCycle>
</Column>
<Column name="Nom_region" id="6A00EB48-F830-5004-67C2-02C7C9067C40">
<createdBy>paulo</createdBy>
<createdTime>2024-10-07 02:24:03 UTC</createdTime>
<generatorID>0AC948B7-BD69-8EB2-DD46-43C74794A81A</generatorID>
<ownerDesignName>modelo de datos</ownerDesignName>
<useDomainConstraints>false</useDomainConstraints>
<use>1</use>
<logicalDatatype>LOGDT024</logicalDatatype>
<dataTypeSize>40</dataTypeSize>
<ownDataTypeParameters>40,,</ownDataTypeParameters>
<autoIncrementCycle>false</autoIncrementCycle>
</Column>
</columns>
<indexes itemClass="oracle.dbtools.crest.model.design.relational.Index">
<ind_PK_UK id="9618CD4F-66A6-F1AB-BA47-65D425590BC2" name="Region_PK">
<createdBy>paulo</createdBy>
<createdTime>2024-10-07 02:24:03 UTC</createdTime>
<generatorID>44FC96A5-863F-3333-E624-3E51F5011574</generatorID>
<ownerDesignName>modelo de datos</ownerDesignName>
<pk>true</pk>
<indexState>Primary Constraint</indexState>
<isSurrogateKey>false</isSurrogateKey>
<indexColumnUsage>
<colUsage columnID="595B238F-5F00-8EDB-0AFD-9D007F450CF2"/>
</indexColumnUsage>
</ind_PK_UK>
</indexes>
</Table>