<?xml version = '1.0' encoding = 'UTF-8'?>
<Table class="oracle.dbtools.crest.model.design.relational.Table" directorySegmentName="seg_0" id="B408563D-BD10-340C-50E7-B76263383749" name="Orden_trabajo">
<createdBy>paulo</createdBy>
<createdTime>2024-10-07 02:24:03 UTC</createdTime>
<generatorID>DBCECF2A-2E48-1418-8A61-A3D26C926270</generatorID>
<ownerDesignName>modelo de datos</ownerDesignName>
<allowColumnReorder>false</allowColumnReorder>
<existDependencyGenerateInDDl>true</existDependencyGenerateInDDl>
<parsed>true</parsed>
<columns itemClass="oracle.dbtools.crest.model.design.relational.Column">
<Column name="Id_OT" id="95A5E270-A497-2F0F-F614-756C2636A988">
<createdBy>paulo</createdBy>
<createdTime>2024-10-07 02:24:03 UTC</createdTime>
<generatorID>855B76FD-DAC0-0B2F-5FDF-75633C673948</generatorID>
<ownerDesignName>modelo de datos</ownerDesignName>
<useDomainConstraints>false</useDomainConstraints>
<use>1</use>
<logicalDatatype>LOGDT019</logicalDatatype>
<dataTypePrecision>10</dataTypePrecision>
<ownDataTypeParameters>,10,</ownDataTypeParameters>
<autoIncrementCycle>false</autoIncrementCycle>
</Column>
<Column name="Desc_OT" id="7EA4D53E-CA07-BFFE-0576-A6EAEFFEE3F6">
<createdBy>paulo</createdBy>
<createdTime>2024-10-07 02:24:03 UTC</createdTime>
<generatorID>6F4641E6-1A90-505B-7934-F9295BE35DC0</generatorID>
<ownerDesignName>modelo de datos</ownerDesignName>
<useDomainConstraints>false</useDomainConstraints>
<use>1</use>
<logicalDatatype>LOGDT024</logicalDatatype>
<ownDataTypeParameters>,,</ownDataTypeParameters>
<autoIncrementCycle>false</autoIncrementCycle>
</Column>
<Column name="mecanico_ID_Mecanico" id="37C95A0B-AFE0-375C-CD53-84E457C59E7D">
<createdBy>paulo</createdBy>
<createdTime>2024-10-07 02:24:03 UTC</createdTime>
<generatorID>E624A356-1CFA-A063-7CC5-83D4AF20AA5B</generatorID>
<ownerDesignName>modelo de datos</ownerDesignName>
<useDomainConstraints>false</useDomainConstraints>
<use>1</use>
<logicalDatatype>LOGDT019</logicalDatatype>
<dataTypePrecision>30</dataTypePrecision>
<ownDataTypeParameters>,,</ownDataTypeParameters>
<previousColumn>false</previousColumn>
<autoIncrementCycle>false</autoIncrementCycle>
<associations>
<colAssociation fkAssociation="D07C85BE-4E5A-5BD6-202B-1520DF481876" referredColumn="A992A029-3CFE-A000-DBE6-8156AADAEC86"/>
</associations>
</Column>
<Column name="mecanico_Taller_ID_Taller" id="E899DF52-D961-DFF6-F6B2-A179F02AC90E">
<createdBy>paulo</createdBy>
<createdTime>2024-10-07 02:24:03 UTC</createdTime>
<generatorID>AAC7A603-1421-E62C-8521-2E039277002C</generatorID>
<ownerDesignName>modelo de datos</ownerDesignName>
<useDomainConstraints>false</useDomainConstraints>
<use>1</use>
<logicalDatatype>LOGDT019</logicalDatatype>
<dataTypePrecision>10</dataTypePrecision>
<ownDataTypeParameters>,,</ownDataTypeParameters>
<previousColumn>false</previousColumn>
<autoIncrementCycle>false</autoIncrementCycle>
<associations>
<colAssociation fkAssociation="D07C85BE-4E5A-5BD6-202B-1520DF481876" referredColumn="897D7F1B-B589-5B3F-034D-EA2389FF5EDF"/>
</associations>
</Column>
<Column name="mecanico_Taller_Ciudad_Cod_ciudad" id="5AFF87C2-2525-3BA9-8455-71043A0179F5">
<createdBy>paulo</createdBy>
<createdTime>2024-10-07 02:24:03 UTC</createdTime>
<generatorID>C2B3D1FA-D298-AF33-5A2B-1C7DF9BE3FC6</generatorID>
<ownerDesignName>modelo de datos</ownerDesignName>
<use>0</use>
<ownDataTypeParameters>,,</ownDataTypeParameters>
<previousColumn>false</previousColumn>
<autoIncrementCycle>false</autoIncrementCycle>
<associations>
<colAssociation fkAssociation="D07C85BE-4E5A-5BD6-202B-1520DF481876" referredColumn="3F41B2F0-A03D-1CEF-C81B-CFDC3C9BD656"/>
</associations>
</Column>
<Column name="mecanico_Taller_Ciudad_Region_Cod_region" id="21741B6D-30C6-C0DF-676E-DCCAA6F1178A">
<createdBy>paulo</createdBy>
<createdTime>2024-10-07 02:24:03 UTC</createdTime>
<generatorID>3D238E91-F070-9B26-5B8B-E88E86B77BB8</generatorID>
<ownerDesignName>modelo de datos</ownerDesignName>
<useDomainConstraints>false</useDomainConstraints>
<use>1</use>
<logicalDatatype>LOGDT019</logicalDatatype>
<dataTypePrecision>20</dataTypePrecision>
<ownDataTypeParameters>,,</ownDataTypeParameters>
<previousColumn>false</previousColumn>
<autoIncrementCycle>false</autoIncrementCycle>
<associations>
<colAssociation fkAssociation="D07C85BE-4E5A-5BD6-202B-1520DF481876" referredColumn="9E2CD361-C158-E8C0-9BC9-EEFE11B5F8FB"/>
</associations>
</Column>
<Column name="Estado_OT_Cod_estado" id="55A085E1-034C-7497-A72B-611CF37E5C89">
<createdBy>paulo</createdBy>
<createdTime>2024-10-07 02:24:03 UTC</createdTime>
<generatorID>482C2341-52DA-9420-F97C-EB0D5ED79FC7</generatorID>
<ownerDesignName>modelo de datos</ownerDesignName>
<use>0</use>
<ownDataTypeParameters>,,</ownDataTypeParameters>
<previousColumn>false</previousColumn>
<autoIncrementCycle>false</autoIncrementCycle>
<associations>
<colAssociation fkAssociation="893BBFBE-1E94-A0CC-2457-1E06D80C01CD" referredColumn="4DC31883-6C72-ADD5-C9D9-12C637FB5AFF"/>
</associations>
</Column>
<Column name="Servicios_Id_servicio" id="43B9023E-0037-D990-F4C4-9344A38B36C2">
<createdBy>paulo</createdBy>
<createdTime>2024-10-07 02:24:03 UTC</createdTime>
<generatorID>1E3D5BDF-EC44-6579-D7E5-94C856E245A5</generatorID>
<ownerDesignName>modelo de datos</ownerDesignName>
<useDomainConstraints>false</useDomainConstraints>
<use>1</use>
<logicalDatatype>LOGDT019</logicalDatatype>
<dataTypePrecision>20</dataTypePrecision>
<ownDataTypeParameters>,,</ownDataTypeParameters>
<previousColumn>false</previousColumn>
<autoIncrementCycle>false</autoIncrementCycle>
<associations>
<colAssociation fkAssociation="3F3ED586-04F8-7794-6F47-7C3A8FACF707" referredColumn="C83573B0-6755-60AB-DB13-8272E8930FDF"/>
</associations>
</Column>
<Column name="Servicios_Tp_servicios_Cod_servicio" id="309FD06A-3F8A-755E-087A-E3BB48C4AFF8">
<createdBy>paulo</createdBy>
<createdTime>2024-10-07 02:24:03 UTC</createdTime>
<generatorID>879851A8-36F9-3BBB-BBBE-8910850FDAD5</generatorID>
<ownerDesignName>modelo de datos</ownerDesignName>
<use>0</use>
<ownDataTypeParameters>,,</ownDataTypeParameters>
<previousColumn>false</previousColumn>
<autoIncrementCycle>false</autoIncrementCycle>
<associations>
<colAssociation fkAssociation="3F3ED586-04F8-7794-6F47-7C3A8FACF707" referredColumn="2CF01C95-BD67-3ED4-5441-AF986C1E7A18"/>
</associations>
</Column>
</columns>
<indexes itemClass="oracle.dbtools.crest.model.design.relational.Index">
<ind_PK_UK id="187B5ABA-952C-6635-2591-EE3524737706" name="Orden_trabajo_PK">
<createdBy>paulo</createdBy>
<createdTime>2024-10-07 02:24:03 UTC</createdTime>
<generatorID>C69D4060-4AE2-8DFC-CC83-D7169874A53B</generatorID>
<ownerDesignName>modelo de datos</ownerDesignName>
<pk>true</pk>
<indexState>Primary Constraint</indexState>
<isSurrogateKey>false</isSurrogateKey>
<indexColumnUsage>
<colUsage columnID="95A5E270-A497-2F0F-F614-756C2636A988"/>
<colUsage columnID="37C95A0B-AFE0-375C-CD53-84E457C59E7D"/>
<colUsage columnID="E899DF52-D961-DFF6-F6B2-A179F02AC90E"/>
<colUsage columnID="5AFF87C2-2525-3BA9-8455-71043A0179F5"/>
<colUsage columnID="21741B6D-30C6-C0DF-676E-DCCAA6F1178A"/>
</indexColumnUsage>
</ind_PK_UK>
<ind_PK_UK id="00C9DCC3-436C-ABA1-35CB-F3BF94BE69C1" name="Orden_trabajo_Servicios_FK">
<createdBy>paulo</createdBy>
<createdTime>2024-10-07 02:24:03 UTC</createdTime>
<generatorID>E30CAB11-D71C-2287-5B64-1D536043D819</generatorID>
<ownerDesignName>modelo de datos</ownerDesignName>
<indexState>Foreign Key</indexState>
<isSurrogateKey>false</isSurrogateKey>
<indexColumnUsage>
<colUsage columnID="43B9023E-0037-D990-F4C4-9344A38B36C2"/>
<colUsage columnID="309FD06A-3F8A-755E-087A-E3BB48C4AFF8"/>
</indexColumnUsage>
</ind_PK_UK>
<ind_PK_UK id="55A2F26C-7B57-2AAF-1F9B-B4931C8EC88D" name="Orden_trabajo_mecanico_FK">
<createdBy>paulo</createdBy>
<createdTime>2024-10-07 02:24:03 UTC</createdTime>
<generatorID>33794EF4-DC2E-56A8-49CE-B80FC5D2B13D</generatorID>
<ownerDesignName>modelo de datos</ownerDesignName>
<indexState>Foreign Key</indexState>
<isSurrogateKey>false</isSurrogateKey>
<indexColumnUsage>
<colUsage columnID="37C95A0B-AFE0-375C-CD53-84E457C59E7D"/>
<colUsage columnID="E899DF52-D961-DFF6-F6B2-A179F02AC90E"/>
<colUsage columnID="5AFF87C2-2525-3BA9-8455-71043A0179F5"/>
<colUsage columnID="21741B6D-30C6-C0DF-676E-DCCAA6F1178A"/>
</indexColumnUsage>
</ind_PK_UK>
<ind_PK_UK id="7BBB5896-BF4E-CEF4-D6AC-FD971C469BDD" name="Orden_trabajo_Estado_OT_FK">
<createdBy>paulo</createdBy>
<createdTime>2024-10-07 02:24:03 UTC</createdTime>
<generatorID>6190C492-39F7-F17E-44DD-A2CA7DCE40BB</generatorID>
<ownerDesignName>modelo de datos</ownerDesignName>
<indexState>Foreign Key</indexState>
<isSurrogateKey>false</isSurrogateKey>
<indexColumnUsage>
<colUsage columnID="55A085E1-034C-7497-A72B-611CF37E5C89"/>
</indexColumnUsage>
</ind_PK_UK>
</indexes>
</Table>