<?xml version = '1.0' encoding = 'UTF-8'?>
<Table class="oracle.dbtools.crest.model.design.relational.Table" directorySegmentName="seg_0" id="B8C12A63-C363-A67A-C1DA-A06DD3A75F98" name="Mecanico_Servicio">
<createdBy>paulo</createdBy>
<createdTime>2024-10-07 02:24:03 UTC</createdTime>
<generatorID>82CB4FEB-8F91-B2F6-DB0A-F0269FF1583A</generatorID>
<ownerDesignName>modelo de datos</ownerDesignName>
<allowColumnReorder>false</allowColumnReorder>
<existDependencyGenerateInDDl>true</existDependencyGenerateInDDl>
<parsed>true</parsed>
<columns itemClass="oracle.dbtools.crest.model.design.relational.Column">
<Column name="mecanico_ID_Mecanico" id="8925EE5B-6181-22CC-1C06-0AC077A1B39B">
<createdBy>paulo</createdBy>
<createdTime>2024-10-07 02:24:03 UTC</createdTime>
<generatorID>CD013DB2-6434-E5E7-35A0-AE85FBE3CD59</generatorID>
<ownerDesignName>modelo de datos</ownerDesignName>
<useDomainConstraints>false</useDomainConstraints>
<use>1</use>
<logicalDatatype>LOGDT019</logicalDatatype>
<dataTypePrecision>30</dataTypePrecision>
<ownDataTypeParameters>,,</ownDataTypeParameters>
<previousColumn>false</previousColumn>
<autoIncrementCycle>false</autoIncrementCycle>
<associations>
<colAssociation fkAssociation="F16DC2A2-43B8-E713-EA8E-EDA75C572DD2" referredColumn="A992A029-3CFE-A000-DBE6-8156AADAEC86"/>
</associations>
</Column>
<Column name="mecanico_ID_Taller" id="31400551-1184-740D-C080-3C1123E921A1">
<createdBy>paulo</createdBy>
<createdTime>2024-10-07 02:24:03 UTC</createdTime>
<generatorID>16C2E400-6D03-6730-0A95-72C330CBC7D1</generatorID>
<ownerDesignName>modelo de datos</ownerDesignName>
<useDomainConstraints>false</useDomainConstraints>
<use>1</use>
<logicalDatatype>LOGDT019</logicalDatatype>
<dataTypePrecision>10</dataTypePrecision>
<ownDataTypeParameters>,,</ownDataTypeParameters>
<previousColumn>false</previousColumn>
<autoIncrementCycle>false</autoIncrementCycle>
<associations>
<colAssociation fkAssociation="F16DC2A2-43B8-E713-EA8E-EDA75C572DD2" referredColumn="897D7F1B-B589-5B3F-034D-EA2389FF5EDF"/>
</associations>
</Column>
<Column name="mecanico_Cod_ciudad" id="51CF70B7-1BA7-10ED-7891-8A800FA80884">
<createdBy>paulo</createdBy>
<createdTime>2024-10-07 02:24:03 UTC</createdTime>
<generatorID>893225BA-D334-E79A-E158-5460BDDDB43A</generatorID>
<ownerDesignName>modelo de datos</ownerDesignName>
<use>0</use>
<ownDataTypeParameters>,,</ownDataTypeParameters>
<previousColumn>false</previousColumn>
<autoIncrementCycle>false</autoIncrementCycle>
<associations>
<colAssociation fkAssociation="F16DC2A2-43B8-E713-EA8E-EDA75C572DD2" referredColumn="3F41B2F0-A03D-1CEF-C81B-CFDC3C9BD656"/>
</associations>
</Column>
<Column name="mecanico_Cod_region" id="DE9249BA-15CD-7A40-D1A9-321926DE71D8">
<createdBy>paulo</createdBy>
<createdTime>2024-10-07 02:24:03 UTC</createdTime>
<generatorID>5964D637-4A4F-56A4-74D7-DC1BAA50609A</generatorID>
<ownerDesignName>modelo de datos</ownerDesignName>
<useDomainConstraints>false</useDomainConstraints>
<use>1</use>
<logicalDatatype>LOGDT019</logicalDatatype>
<dataTypePrecision>20</dataTypePrecision>
<ownDataTypeParameters>,,</ownDataTypeParameters>
<previousColumn>false</previousColumn>
<autoIncrementCycle>false</autoIncrementCycle>
<associations>
<colAssociation fkAssociation="F16DC2A2-43B8-E713-EA8E-EDA75C572DD2" referredColumn="9E2CD361-C158-E8C0-9BC9-EEFE11B5F8FB"/>
</associations>
</Column>
<Column name="Servicios_Id_servicio" id="37C93FA8-2636-CE3A-EC4A-67AC4FD79159">
<createdBy>paulo</createdBy>
<createdTime>2024-10-07 02:24:03 UTC</createdTime>
<generatorID>A8910525-C695-9D04-7E93-539420EB4DA6</generatorID>
<ownerDesignName>modelo de datos</ownerDesignName>
<useDomainConstraints>false</useDomainConstraints>
<use>1</use>
<logicalDatatype>LOGDT019</logicalDatatype>
<dataTypePrecision>20</dataTypePrecision>
<ownDataTypeParameters>,,</ownDataTypeParameters>
<previousColumn>false</previousColumn>
<autoIncrementCycle>false</autoIncrementCycle>
<associations>
<colAssociation fkAssociation="2A1B1F19-B7B1-A58D-F29B-E3ABBC874D67" referredColumn="C83573B0-6755-60AB-DB13-8272E8930FDF"/>
</associations>
</Column>
<Column name="Servicios_Cod_servicio" id="56A9073D-BD6A-FEEC-51DB-14F1FCA9D22C">
<createdBy>paulo</createdBy>
<createdTime>2024-10-07 02:24:03 UTC</createdTime>
<generatorID>FC54A107-ACD2-E049-A98B-4FB554A60380</generatorID>
<ownerDesignName>modelo de datos</ownerDesignName>
<use>0</use>
<ownDataTypeParameters>,,</ownDataTypeParameters>
<previousColumn>false</previousColumn>
<autoIncrementCycle>false</autoIncrementCycle>
<associations>
<colAssociation fkAssociation="2A1B1F19-B7B1-A58D-F29B-E3ABBC874D67" referredColumn="2CF01C95-BD67-3ED4-5441-AF986C1E7A18"/>
</associations>
</Column>
</columns>
<indexes itemClass="oracle.dbtools.crest.model.design.relational.Index">
<ind_PK_UK id="21C5325B-60AB-3D3D-079E-CC813B1C5704" name="Mecanico_Servicio_PK">
<createdBy>paulo</createdBy>
<createdTime>2024-10-07 02:24:03 UTC</createdTime>
<generatorID>6F0E5212-B94F-C9B3-3B7A-F4AAE8748106</generatorID>
<ownerDesignName>modelo de datos</ownerDesignName>
<pk>true</pk>
<indexState>Primary Constraint</indexState>
<isSurrogateKey>false</isSurrogateKey>
<indexColumnUsage>
<colUsage columnID="8925EE5B-6181-22CC-1C06-0AC077A1B39B"/>
<colUsage columnID="31400551-1184-740D-C080-3C1123E921A1"/>
<colUsage columnID="51CF70B7-1BA7-10ED-7891-8A800FA80884"/>
<colUsage columnID="DE9249BA-15CD-7A40-D1A9-321926DE71D8"/>
<colUsage columnID="37C93FA8-2636-CE3A-EC4A-67AC4FD79159"/>
<colUsage columnID="56A9073D-BD6A-FEEC-51DB-14F1FCA9D22C"/>
</indexColumnUsage>
</ind_PK_UK>
<ind_PK_UK id="B4BB7B8C-1EC5-1A6F-111F-FFF8DA4F5FCE" name="Mecanico_Servicio_mecanico_FK">
<createdBy>paulo</createdBy>
<createdTime>2024-10-07 02:24:03 UTC</createdTime>
<generatorID>96C9B56C-AA43-985E-A3A2-1FDC4356F3F6</generatorID>
<ownerDesignName>modelo de datos</ownerDesignName>
<indexState>Foreign Key</indexState>
<isSurrogateKey>false</isSurrogateKey>
<indexColumnUsage>
<colUsage columnID="8925EE5B-6181-22CC-1C06-0AC077A1B39B"/>
<colUsage columnID="31400551-1184-740D-C080-3C1123E921A1"/>
<colUsage columnID="51CF70B7-1BA7-10ED-7891-8A800FA80884"/>
<colUsage columnID="DE9249BA-15CD-7A40-D1A9-321926DE71D8"/>
</indexColumnUsage>
</ind_PK_UK>
<ind_PK_UK id="F747D323-CA2D-284A-0A39-BB4F6391D20D" name="Mecanico_Servicio_Servicios_FK">
<createdBy>paulo</createdBy>
<createdTime>2024-10-07 02:24:03 UTC</createdTime>
<generatorID>075328FC-A260-3744-FE8A-71D137DA387A</generatorID>
<ownerDesignName>modelo de datos</ownerDesignName>
<indexState>Foreign Key</indexState>
<isSurrogateKey>false</isSurrogateKey>
<indexColumnUsage>
<colUsage columnID="37C93FA8-2636-CE3A-EC4A-67AC4FD79159"/>
<colUsage columnID="56A9073D-BD6A-FEEC-51DB-14F1FCA9D22C"/>
</indexColumnUsage>
</ind_PK_UK>
</indexes>
</Table>