<?xml version = '1.0' encoding = 'UTF-8'?>
<Table class="oracle.dbtools.crest.model.design.relational.Table" directorySegmentName="seg_0" id="EFAD20E9-3581-CE3E-991D-6D46EFD15FF5" name="historial">
<createdBy>paulo</createdBy>
<createdTime>2024-10-07 02:24:03 UTC</createdTime>
<generatorID>19A8F473-931D-717F-64DD-CA89DDD83EBC</generatorID>
<ownerDesignName>modelo de datos</ownerDesignName>
<allowColumnReorder>false</allowColumnReorder>
<existDependencyGenerateInDDl>true</existDependencyGenerateInDDl>
<parsed>true</parsed>
<columns itemClass="oracle.dbtools.crest.model.design.relational.Column">
<Column name="Orden_trabajo_Id_OT" id="AD6557B9-B7C8-A0D6-7473-60D3AE1BB5CA">
<createdBy>paulo</createdBy>
<createdTime>2024-10-07 02:24:03 UTC</createdTime>
<generatorID>9F2A3B3C-D704-84A2-C218-0C4F254B9510</generatorID>
<ownerDesignName>modelo de datos</ownerDesignName>
<useDomainConstraints>false</useDomainConstraints>
<use>1</use>
<logicalDatatype>LOGDT019</logicalDatatype>
<dataTypePrecision>10</dataTypePrecision>
<ownDataTypeParameters>,,</ownDataTypeParameters>
<previousColumn>false</previousColumn>
<autoIncrementCycle>false</autoIncrementCycle>
<associations>
<colAssociation fkAssociation="328E6483-16BB-470D-4872-BD9BED833DBE" referredColumn="95A5E270-A497-2F0F-F614-756C2636A988"/>
</associations>
</Column>
<Column name="Orden_trabajo_mecanico_ID_Mecanico" id="1FD5AEF3-F6FF-C2D1-0C2B-B804603695BD">
<createdBy>paulo</createdBy>
<createdTime>2024-10-07 02:24:03 UTC</createdTime>
<generatorID>D32A4D2B-6F1A-73DD-184F-FB45541D342D</generatorID>
<ownerDesignName>modelo de datos</ownerDesignName>
<useDomainConstraints>false</useDomainConstraints>
<use>1</use>
<logicalDatatype>LOGDT019</logicalDatatype>
<dataTypePrecision>30</dataTypePrecision>
<ownDataTypeParameters>,,</ownDataTypeParameters>
<previousColumn>false</previousColumn>
<autoIncrementCycle>false</autoIncrementCycle>
<associations>
<colAssociation fkAssociation="328E6483-16BB-470D-4872-BD9BED833DBE" referredColumn="37C95A0B-AFE0-375C-CD53-84E457C59E7D"/>
</associations>
</Column>
<Column name="Orden_trabajo_mecanico_Taller_ID_Taller" id="91BC1632-3274-8A2B-88F6-09F71FDD361E">
<createdBy>paulo</createdBy>
<createdTime>2024-10-07 02:24:03 UTC</createdTime>
<generatorID>8BB4884C-BAEF-61A2-9F65-E66FACD29564</generatorID>
<ownerDesignName>modelo de datos</ownerDesignName>
<useDomainConstraints>false</useDomainConstraints>
<use>1</use>
<logicalDatatype>LOGDT019</logicalDatatype>
<dataTypePrecision>10</dataTypePrecision>
<ownDataTypeParameters>,,</ownDataTypeParameters>
<previousColumn>false</previousColumn>
<autoIncrementCycle>false</autoIncrementCycle>
<associations>
<colAssociation fkAssociation="328E6483-16BB-470D-4872-BD9BED833DBE" referredColumn="E899DF52-D961-DFF6-F6B2-A179F02AC90E"/>
</associations>
</Column>
<Column name="Orden_trabajo_mecanico_Taller_Ciudad_Cod_ciudad" id="4D6E1557-8822-7A3F-6717-4D37F428233A">
<createdBy>paulo</createdBy>
<createdTime>2024-10-07 02:24:03 UTC</createdTime>
<generatorID>3E8577AB-ADF4-CA68-ED3E-BCA388157B62</generatorID>
<ownerDesignName>modelo de datos</ownerDesignName>
<use>0</use>
<ownDataTypeParameters>,,</ownDataTypeParameters>
<previousColumn>false</previousColumn>
<autoIncrementCycle>false</autoIncrementCycle>
<associations>
<colAssociation fkAssociation="328E6483-16BB-470D-4872-BD9BED833DBE" referredColumn="5AFF87C2-2525-3BA9-8455-71043A0179F5"/>
</associations>
</Column>
<Column name="Orden_trabajo_mecanico_Taller_Ciudad_Region_Cod_region" id="D524D400-F765-06F9-C362-95A8620ED52C">
<createdBy>paulo</createdBy>
<createdTime>2024-10-07 02:24:03 UTC</createdTime>
<generatorID>D9D89C92-580B-F077-1E90-A46E1326E17C</generatorID>
<ownerDesignName>modelo de datos</ownerDesignName>
<useDomainConstraints>false</useDomainConstraints>
<use>1</use>
<logicalDatatype>LOGDT019</logicalDatatype>
<dataTypePrecision>20</dataTypePrecision>
<ownDataTypeParameters>,,</ownDataTypeParameters>
<previousColumn>false</previousColumn>
<autoIncrementCycle>false</autoIncrementCycle>
<associations>
<colAssociation fkAssociation="328E6483-16BB-470D-4872-BD9BED833DBE" referredColumn="21741B6D-30C6-C0DF-676E-DCCAA6F1178A"/>
</associations>
</Column>
<Column name="User_ID_usuario" id="5E09D76E-C2D3-AB80-DB27-426CD5221B41">
<createdBy>paulo</createdBy>
<createdTime>2024-10-07 02:24:03 UTC</createdTime>
<generatorID>DC7F7EA4-7148-C272-3117-FDA60FFE56AB</generatorID>
<ownerDesignName>modelo de datos</ownerDesignName>
<useDomainConstraints>false</useDomainConstraints>
<use>1</use>
<logicalDatatype>LOGDT019</logicalDatatype>
<dataTypePrecision>30</dataTypePrecision>
<ownDataTypeParameters>,,</ownDataTypeParameters>
<previousColumn>false</previousColumn>
<autoIncrementCycle>false</autoIncrementCycle>
<associations>
<colAssociation fkAssociation="EA320697-43EA-12CA-E1B0-4EEA6D2BDE5C" referredColumn="0C9BA3AF-46C3-9B42-B8B1-BAEAFC721B3A"/>
</associations>
</Column>
</columns>
<indexes itemClass="oracle.dbtools.crest.model.design.relational.Index">
<ind_PK_UK id="ED54372E-666A-582D-4C9F-C16129F90366" name="historial_PK">
<createdBy>paulo</createdBy>
<createdTime>2024-10-07 02:24:03 UTC</createdTime>
<generatorID>C6D4D3A1-560D-471F-D3DE-7D300DE5C916</generatorID>
<ownerDesignName>modelo de datos</ownerDesignName>
<pk>true</pk>
<indexState>Primary Constraint</indexState>
<isSurrogateKey>false</isSurrogateKey>
<indexColumnUsage>
<colUsage columnID="AD6557B9-B7C8-A0D6-7473-60D3AE1BB5CA"/>
<colUsage columnID="1FD5AEF3-F6FF-C2D1-0C2B-B804603695BD"/>
<colUsage columnID="91BC1632-3274-8A2B-88F6-09F71FDD361E"/>
<colUsage columnID="4D6E1557-8822-7A3F-6717-4D37F428233A"/>
<colUsage columnID="D524D400-F765-06F9-C362-95A8620ED52C"/>
<colUsage columnID="5E09D76E-C2D3-AB80-DB27-426CD5221B41"/>
</indexColumnUsage>
</ind_PK_UK>
<ind_PK_UK id="999F10C9-E9CB-651D-E7AE-F2B0410213D4" name="historial_User_FK">
<createdBy>paulo</createdBy>
<createdTime>2024-10-07 02:24:03 UTC</createdTime>
<generatorID>44403E1B-563D-2972-3ECB-39311C24F1E1</generatorID>
<ownerDesignName>modelo de datos</ownerDesignName>
<indexState>Foreign Key</indexState>
<isSurrogateKey>false</isSurrogateKey>
<indexColumnUsage>
<colUsage columnID="5E09D76E-C2D3-AB80-DB27-426CD5221B41"/>
</indexColumnUsage>
</ind_PK_UK>
<ind_PK_UK id="920C1E6E-0E40-4780-41A8-BA15AE100264" name="historial_Orden_trabajo_FK">
<createdBy>paulo</createdBy>
<createdTime>2024-10-07 02:24:03 UTC</createdTime>
<generatorID>E725624F-AF30-F93E-D481-51037E828D58</generatorID>
<ownerDesignName>modelo de datos</ownerDesignName>
<indexState>Foreign Key</indexState>
<isSurrogateKey>false</isSurrogateKey>
<indexColumnUsage>
<colUsage columnID="AD6557B9-B7C8-A0D6-7473-60D3AE1BB5CA"/>
<colUsage columnID="1FD5AEF3-F6FF-C2D1-0C2B-B804603695BD"/>
<colUsage columnID="91BC1632-3274-8A2B-88F6-09F71FDD361E"/>
<colUsage columnID="4D6E1557-8822-7A3F-6717-4D37F428233A"/>
<colUsage columnID="D524D400-F765-06F9-C362-95A8620ED52C"/>
</indexColumnUsage>
</ind_PK_UK>
</indexes>
</Table>