<?xml version = '1.0' encoding = 'UTF-8'?>
<Table class="oracle.dbtools.crest.model.design.relational.Table" directorySegmentName="seg_0" id="F77B3F74-0A69-D64C-CA2D-5E0E9D722A3D" name="Ciudad">
<createdBy>paulo</createdBy>
<createdTime>2024-10-07 02:24:03 UTC</createdTime>
<generatorID>538C74F7-FA53-CE15-5585-8B17340A593C</generatorID>
<ownerDesignName>modelo de datos</ownerDesignName>
<allowColumnReorder>false</allowColumnReorder>
<existDependencyGenerateInDDl>true</existDependencyGenerateInDDl>
<parsed>true</parsed>
<columns itemClass="oracle.dbtools.crest.model.design.relational.Column">
<Column name="Cod_ciudad" id="AA8DFECD-EF4A-02EA-3FC7-2972E091D2B7">
<createdBy>paulo</createdBy>
<createdTime>2024-10-07 02:24:03 UTC</createdTime>
<generatorID>4EBC75F8-156C-94FD-4EF7-5C24819F723C</generatorID>
<ownerDesignName>modelo de datos</ownerDesignName>
<use>0</use>
<ownDataTypeParameters>,,</ownDataTypeParameters>
<autoIncrementCycle>false</autoIncrementCycle>
</Column>
<Column name="Nombre_ciudad" id="A7F29D80-EE22-41CD-41E6-C9A29ADB2F96">
<createdBy>paulo</createdBy>
<createdTime>2024-10-07 02:24:03 UTC</createdTime>
<generatorID>98F5836D-3DF7-D5C7-0D3D-1D331762D440</generatorID>
<ownerDesignName>modelo de datos</ownerDesignName>
<use>0</use>
<ownDataTypeParameters>,,</ownDataTypeParameters>
<autoIncrementCycle>false</autoIncrementCycle>
</Column>
<Column name="Region_Cod_region" id="8680471E-8B2B-357B-3389-5568DA59C984">
<createdBy>paulo</createdBy>
<createdTime>2024-10-07 02:24:03 UTC</createdTime>
<generatorID>D48819B2-170E-E228-0A6E-D2BA37F11BE5</generatorID>
<ownerDesignName>modelo de datos</ownerDesignName>
<useDomainConstraints>false</useDomainConstraints>
<use>1</use>
<logicalDatatype>LOGDT019</logicalDatatype>
<dataTypePrecision>20</dataTypePrecision>
<ownDataTypeParameters>,,</ownDataTypeParameters>
<previousColumn>false</previousColumn>
<autoIncrementCycle>false</autoIncrementCycle>
<associations>
<colAssociation fkAssociation="825034B8-1702-C9DC-CAAD-5997E2769F2D" referredColumn="595B238F-5F00-8EDB-0AFD-9D007F450CF2"/>
</associations>
</Column>
</columns>
<indexes itemClass="oracle.dbtools.crest.model.design.relational.Index">
<ind_PK_UK id="0B17B907-C183-251A-874A-2D41FE51957A" name="Ciudad_PK">
<createdBy>paulo</createdBy>
<createdTime>2024-10-07 02:24:03 UTC</createdTime>
<generatorID>91AC4A7B-5571-3C18-A021-65EE04A3CB14</generatorID>
<ownerDesignName>modelo de datos</ownerDesignName>
<pk>true</pk>
<indexState>Primary Constraint</indexState>
<isSurrogateKey>false</isSurrogateKey>
<indexColumnUsage>
<colUsage columnID="AA8DFECD-EF4A-02EA-3FC7-2972E091D2B7"/>
<colUsage columnID="8680471E-8B2B-357B-3389-5568DA59C984"/>
</indexColumnUsage>
</ind_PK_UK>
<ind_PK_UK id="A4F731C2-DCA6-E765-A1B5-BC85264D8764" name="Ciudad_Region_FK">
<createdBy>paulo</createdBy>
<createdTime>2024-10-07 02:24:03 UTC</createdTime>
<generatorID>3A87313E-E5C9-CF01-B55F-875B9B798206</generatorID>
<ownerDesignName>modelo de datos</ownerDesignName>
<indexState>Foreign Key</indexState>
<isSurrogateKey>false</isSurrogateKey>
<indexColumnUsage>
<colUsage columnID="8680471E-8B2B-357B-3389-5568DA59C984"/>
</indexColumnUsage>
</ind_PK_UK>
</indexes>
</Table>