<?xml version = '1.0' encoding = 'UTF-8'?>
<Diagram class="oracle.dbtools.crest.swingui.relational.DPVRelational" name="Relational_1" id="35C69863-034A-8F43-7F30-4D03A18485FC">
<createdBy>paulo</createdBy>
<modifiedBy>paulo</modifiedBy>
<createdTime>2024-10-07 01:08:54 UTC</createdTime>
<autoRoute>false</autoRoute>
<boxInbox>true</boxInbox>
<showLegend>false</showLegend>
<showLabels>false</showLabels>
<showRelAttributes>false</showRelAttributes>
<gridEnabled>false</gridEnabled>
<showGrid>false</showGrid>
<diagramColor>-1</diagramColor>
<display>false</display>
<notation>1</notation>
<objectViews>
<OView class="oracle.dbtools.crest.swingui.relational.TVTable" oid="13F9FC61-5888-5EB8-20FD-44094461A7A8" otype="Table" vid="4F9EDFCD-DCD1-5421-F00E-58A70FFEE050">
<hideElementsInCurrentOnly>false</hideElementsInCurrentOnly>
<bounds x="277" y="228" width="231" height="198"/>
</OView>
<OView class="oracle.dbtools.crest.swingui.relational.TVTable" oid="21319FA6-A3EE-2666-B408-132961F0AAE0" otype="Table" vid="063506B0-3633-A143-C3C3-D7DBC469131E">
<hideElementsInCurrentOnly>false</hideElementsInCurrentOnly>
<bounds x="36" y="378" width="170" height="110"/>
</OView>
<OView class="oracle.dbtools.crest.swingui.relational.TVTable" oid="301BC1CF-234C-E798-7F4D-86473F4862F5" otype="Table" vid="C77B441E-0D93-FEC5-2CBF-0562E4C8FD47">
<hideElementsInCurrentOnly>false</hideElementsInCurrentOnly>
<bounds x="714" y="461" width="211" height="113"/>
</OView>
<OView class="oracle.dbtools.crest.swingui.relational.TVTable" oid="3880A102-EFF3-4695-DFE6-5AA9CD8F3474" otype="Table" vid="D18D4884-C2C5-AFE4-A1B5-E2AE15E3A757">
<hideElementsInCurrentOnly>false</hideElementsInCurrentOnly>
<bounds x="294" y="13" width="201" height="181"/>
</OView>
<OView class="oracle.dbtools.crest.swingui.relational.TVTable" oid="481CE836-18D4-F1FA-8A10-927DCB1FE3A3" otype="Table" vid="AFD14D07-784D-F8C7-F8AD-4B3179DF9079">
<hideElementsInCurrentOnly>false</hideElementsInCurrentOnly>
<bounds x="707" y="227" width="199" height="187"/>
</OView>
<OView class="oracle.dbtools.crest.swingui.relational.TVTable" oid="4D0E87E5-229F-AB4A-FDB9-E14362B863C8" otype="Table" vid="7CB69554-76A6-8C20-49FC-4A61D6F63339">
<hideElementsInCurrentOnly>false</hideElementsInCurrentOnly>
<bounds x="35" y="510" width="188" height="102"/>
</OView>
<OView class="oracle.dbtools.crest.swingui.relational.TVTable" oid="61597A0B-29E5-C8A6-7EA2-C5EBC88825C2" otype="Table" vid="A5D6F373-4796-1E08-0FF0-6B7F28359647">
<hideElementsInCurrentOnly>false</hideElementsInCurrentOnly>
<bounds x="698" y="0" width="205" height="173"/>
</OView>
<OView class="oracle.dbtools.crest.swingui.relational.TVTable" oid="85D41E60-9DDA-24FF-6122-140CCD5CDB59" otype="Table" vid="47798395-62E9-F1FB-9602-0D977C6332E4">
<hideElementsInCurrentOnly>false</hideElementsInCurrentOnly>
<bounds x="540" y="228" width="159" height="68"/>
</OView>
<OView class="oracle.dbtools.crest.swingui.relational.TVTable" oid="AD2B4208-B54F-8422-55AE-BD967E9F196D" otype="Table" vid="6370FBB7-A9FA-DD57-DBD5-3ACA277A48F7">
<hideElementsInCurrentOnly>false</hideElementsInCurrentOnly>
<bounds x="15" y="116" width="191" height="79"/>
</OView>
<OView class="oracle.dbtools.crest.swingui.relational.TVTable" oid="B12EAD7F-D3D4-4B5C-174F-A0470520265E" otype="Table" vid="674CE69E-C4F6-B685-7769-D98FBE6B89B0">
<hideElementsInCurrentOnly>false</hideElementsInCurrentOnly>
<bounds x="983" y="337" width="179" height="88"/>
</OView>
<OView class="oracle.dbtools.crest.swingui.relational.TVTable" oid="CA24DE73-F6D0-8BCB-D605-61A534FA672F" otype="Table" vid="CC0320B4-D293-8BF0-23B7-C058FCF9B8AB">
<hideElementsInCurrentOnly>false</hideElementsInCurrentOnly>
<bounds x="23" y="8" width="222" height="84"/>
</OView>
<OView class="oracle.dbtools.crest.swingui.relational.TVTable" oid="ED2EBFC0-3D8C-FDD4-CF53-7C6EB642DA16" otype="Table" vid="2DA03350-998C-071C-B252-4EC71A417466">
<hideElementsInCurrentOnly>false</hideElementsInCurrentOnly>
<bounds x="467" y="427" width="176" height="183"/>
</OView>
<OView class="oracle.dbtools.crest.swingui.relational.TVTable" oid="F280AC7E-6F0F-9D00-F717-1B0363C2CD52" otype="Table" vid="0EF4895C-A5B8-24BB-369F-F5B692729108">
<hideElementsInCurrentOnly>false</hideElementsInCurrentOnly>
<bounds x="962" y="469" width="213" height="95"/>
</OView>
<OView class="oracle.dbtools.crest.swingui.relational.TVTable" oid="F9FA1833-9736-46F8-E1C7-F52B03CBF0A0" otype="Table" vid="E52104F5-1040-3926-58AE-E1E2227E5B98">
<hideElementsInCurrentOnly>false</hideElementsInCurrentOnly>
<bounds x="23" y="257" width="177" height="91"/>
</OView>
</objectViews>
<connectors>
<Connector class="oracle.dbtools.crest.swingui.relational.TVFKRelation" oid="0301D08B-FA2B-1A24-FC87-27783D54E9EE" otype="FKIndexAssociation" vid_source="0EF4895C-A5B8-24BB-369F-F5B692729108" vid_target="C77B441E-0D93-FEC5-2CBF-0562E4C8FD47">
<hideElementsInCurrentOnly>false</hideElementsInCurrentOnly>
<backgroundColor>-16777216</backgroundColor>
<lineWidth>1</lineWidth>
<points>
<point x="962" y="516"/>
<point x="925" y="516"/>
</points>
</Connector>
<Connector class="oracle.dbtools.crest.swingui.relational.TVFKRelation" oid="12ECFFE6-6021-EFA6-1017-4DA1ACAC442E" otype="FKIndexAssociation" vid_source="D18D4884-C2C5-AFE4-A1B5-E2AE15E3A757" vid_target="4F9EDFCD-DCD1-5421-F00E-58A70FFEE050">
<hideElementsInCurrentOnly>false</hideElementsInCurrentOnly>
<backgroundColor>-16777216</backgroundColor>
<lineWidth>1</lineWidth>
<points>
<point x="394" y="194"/>
<point x="394" y="228"/>
</points>
</Connector>
<Connector class="oracle.dbtools.crest.swingui.relational.TVFKRelation" oid="312F18D2-AB83-8342-D469-192B24A9B786" otype="FKIndexAssociation" vid_source="47798395-62E9-F1FB-9602-0D977C6332E4" vid_target="4F9EDFCD-DCD1-5421-F00E-58A70FFEE050">
<hideElementsInCurrentOnly>false</hideElementsInCurrentOnly>
<backgroundColor>-16777216</backgroundColor>
<lineWidth>1</lineWidth>
<points>
<point x="540" y="262"/>
<point x="508" y="262"/>
</points>
</Connector>
<Connector class="oracle.dbtools.crest.swingui.relational.TVFKRelation" oid="36FB0642-CEDD-B715-452D-D5B444588515" otype="FKIndexAssociation" vid_source="C77B441E-0D93-FEC5-2CBF-0562E4C8FD47" vid_target="AFD14D07-784D-F8C7-F8AD-4B3179DF9079">
<hideElementsInCurrentOnly>false</hideElementsInCurrentOnly>
<backgroundColor>-16777216</backgroundColor>
<lineWidth>1</lineWidth>
<points>
<point x="825" y="461"/>
<point x="825" y="414"/>
</points>
</Connector>
<Connector class="oracle.dbtools.crest.swingui.relational.TVFKRelation" oid="3FF0C274-953D-5C09-08CB-525E731ACC00" otype="FKIndexAssociation" vid_source="6370FBB7-A9FA-DD57-DBD5-3ACA277A48F7" vid_target="D18D4884-C2C5-AFE4-A1B5-E2AE15E3A757">
<hideElementsInCurrentOnly>false</hideElementsInCurrentOnly>
<backgroundColor>-16777216</backgroundColor>
<lineWidth>1</lineWidth>
<points>
<point x="206" y="155"/>
<point x="294" y="155"/>
</points>
</Connector>
<Connector class="oracle.dbtools.crest.swingui.relational.TVFKRelation" oid="84D912F1-5F49-0ABA-A6D6-153118DFDFC2" otype="FKIndexAssociation" vid_source="A5D6F373-4796-1E08-0FF0-6B7F28359647" vid_target="D18D4884-C2C5-AFE4-A1B5-E2AE15E3A757">
<hideElementsInCurrentOnly>false</hideElementsInCurrentOnly>
<backgroundColor>-16777216</backgroundColor>
<lineWidth>1</lineWidth>
<points>
<point x="698" y="93"/>
<point x="495" y="93"/>
</points>
</Connector>
<Connector class="oracle.dbtools.crest.swingui.relational.TVFKRelation" oid="BBA3C9E1-AA57-268D-B52F-8ECC67EDF9E5" otype="FKIndexAssociation" vid_source="4F9EDFCD-DCD1-5421-F00E-58A70FFEE050" vid_target="063506B0-3633-A143-C3C3-D7DBC469131E">
<hideElementsInCurrentOnly>false</hideElementsInCurrentOnly>
<backgroundColor>-16777216</backgroundColor>
<lineWidth>1</lineWidth>
<points>
<point x="277" y="402"/>
<point x="206" y="402"/>
</points>
</Connector>
<Connector class="oracle.dbtools.crest.swingui.relational.TVFKRelation" oid="C047B644-3B17-752B-9FC2-0F2143F4F102" otype="FKIndexAssociation" vid_source="674CE69E-C4F6-B685-7769-D98FBE6B89B0" vid_target="0EF4895C-A5B8-24BB-369F-F5B692729108">
<hideElementsInCurrentOnly>false</hideElementsInCurrentOnly>
<backgroundColor>-16777216</backgroundColor>
<lineWidth>1</lineWidth>
<points>
<point x="1072" y="425"/>
<point x="1072" y="469"/>
</points>
</Connector>
<Connector class="oracle.dbtools.crest.swingui.relational.TVFKRelation" oid="CB098083-9F25-2740-B20E-9D692C9A1C28" otype="FKIndexAssociation" vid_source="AFD14D07-784D-F8C7-F8AD-4B3179DF9079" vid_target="4F9EDFCD-DCD1-5421-F00E-58A70FFEE050">
<hideElementsInCurrentOnly>false</hideElementsInCurrentOnly>
<backgroundColor>-16777216</backgroundColor>
<lineWidth>1</lineWidth>
<points>
<point x="707" y="321"/>
<point x="508" y="321"/>
</points>
</Connector>
<Connector class="oracle.dbtools.crest.swingui.relational.TVFKRelation" oid="CE6EA1FD-AD65-8412-4497-BF35124BC4AF" otype="FKIndexAssociation" vid_source="7CB69554-76A6-8C20-49FC-4A61D6F63339" vid_target="063506B0-3633-A143-C3C3-D7DBC469131E">
<hideElementsInCurrentOnly>false</hideElementsInCurrentOnly>
<backgroundColor>-16777216</backgroundColor>
<lineWidth>1</lineWidth>
<points>
<point x="121" y="510"/>
<point x="121" y="488"/>
</points>
</Connector>
<Connector class="oracle.dbtools.crest.swingui.relational.TVFKRelation" oid="E3889874-A448-056A-8BE5-75D9599744C6" otype="FKIndexAssociation" vid_source="E52104F5-1040-3926-58AE-E1E2227E5B98" vid_target="4F9EDFCD-DCD1-5421-F00E-58A70FFEE050">
<hideElementsInCurrentOnly>false</hideElementsInCurrentOnly>
<backgroundColor>-16777216</backgroundColor>
<lineWidth>1</lineWidth>
<points>
<point x="200" y="302"/>
<point x="277" y="302"/>
</points>
</Connector>
<Connector class="oracle.dbtools.crest.swingui.relational.TVFKRelation" oid="FF3CECA0-3BF0-A4AD-C093-30FFEE048580" otype="FKIndexAssociation" vid_source="CC0320B4-D293-8BF0-23B7-C058FCF9B8AB" vid_target="D18D4884-C2C5-AFE4-A1B5-E2AE15E3A757">
<hideElementsInCurrentOnly>false</hideElementsInCurrentOnly>
<backgroundColor>-16777216</backgroundColor>
<lineWidth>1</lineWidth>
<points>
<point x="245" y="67"/>
<point x="294" y="67"/>
</points>
</Connector>
</connectors>
</Diagram>