<?xml version = '1.0' encoding = 'UTF-8'?>
<Relation class="oracle.dbtools.crest.model.design.logical.Relation" name="Relation_17" directorySegmentName="seg_0" id="075328FC-A260-3744-FE8A-71D137DA387A">
<createdBy>paulo</createdBy>
<createdTime>2024-10-07 02:17:10 UTC</createdTime>
<ownerDesignName>modelo de datos</ownerDesignName>
<engineerTo>
<item key="58B6D257-61E5-3D75-9100-A8A21C1D7F70" value="true"/>
</engineerTo>
<sourcePk>2DDC04C8-5A37-2A01-7E41-9129D52E81EB</sourcePk>
<identifying>true</identifying>
<optionalSource>false</optionalSource>
<optionalTarget>false</optionalTarget>
<sourceCardinality>1</sourceCardinality>
<sourceEntity>08161173-36E3-FF07-8182-6F7A2CBEAF9A</sourceEntity>
<targetCardinalityString>*</targetCardinalityString>
<targetEntity>82CB4FEB-8F91-B2F6-DB0A-F0269FF1583A</targetEntity>
<transferable>true</transferable>
<deleteRule>NO ACTION</deleteRule>
</Relation>