<?xml version = '1.0' encoding = 'UTF-8'?>
<Relation class="oracle.dbtools.crest.model.design.logical.Relation" name="Relation_13" directorySegmentName="seg_0" id="3279431C-FAE8-28BB-B7CC-9B7437B359BE">
<createdBy>paulo</createdBy>
<createdTime>2024-10-07 02:05:19 UTC</createdTime>
<ownerDesignName>modelo de datos</ownerDesignName>
<engineerTo>
<item key="58B6D257-61E5-3D75-9100-A8A21C1D7F70" value="true"/>
</engineerTo>
<sourcePk>2137F129-9190-C0E8-E6C8-783DF882AFFE</sourcePk>
<identifying>true</identifying>
<optionalSource>false</optionalSource>
<optionalTarget>false</optionalTarget>
<sourceCardinality>1</sourceCardinality>
<sourceEntity>42381D29-43D6-ED81-6521-83949F7DCF5A</sourceEntity>
<targetCardinalityString>*</targetCardinalityString>
<targetEntity>4E81F8FA-CB6F-E7E1-D112-BEA48DF5A880</targetEntity>
<transferable>true</transferable>
<deleteRule>NO ACTION</deleteRule>
</Relation>