<?xml version = '1.0' encoding = 'UTF-8'?>
<Relation class="oracle.dbtools.crest.model.design.logical.Relation" name="Relation_19" directorySegmentName="seg_0" id="366D140A-65EA-E911-4CFB-3A7913177036">
<createdBy>paulo</createdBy>
<createdTime>2024-10-07 02:17:26 UTC</createdTime>
<ownerDesignName>modelo de datos</ownerDesignName>
<engineerTo>
<item key="58B6D257-61E5-3D75-9100-A8A21C1D7F70" value="true"/>
</engineerTo>
<sourcePk>54BC9C23-B91E-4899-7086-751F7EDC3537</sourcePk>
<identifying>true</identifying>
<optionalSource>false</optionalSource>
<optionalTarget>false</optionalTarget>
<sourceCardinality>1</sourceCardinality>
<sourceEntity>4E81F8FA-CB6F-E7E1-D112-BEA48DF5A880</sourceEntity>
<targetCardinalityString>*</targetCardinalityString>
<targetEntity>8CCCFFE7-834F-26F7-F2BB-BAE860A02F8C</targetEntity>
<transferable>true</transferable>
<deleteRule>NO ACTION</deleteRule>
</Relation>