<?xml version = '1.0' encoding = 'UTF-8'?>
<Relation class="oracle.dbtools.crest.model.design.logical.Relation" name="Relation_3" directorySegmentName="seg_0" id="3A87313E-E5C9-CF01-B55F-875B9B798206">
<createdBy>paulo</createdBy>
<createdTime>2024-10-07 01:22:02 UTC</createdTime>
<ownerDesignName>modelo de datos</ownerDesignName>
<engineerTo>
<item key="58B6D257-61E5-3D75-9100-A8A21C1D7F70" value="true"/>
</engineerTo>
<sourcePk>44FC96A5-863F-3333-E624-3E51F5011574</sourcePk>
<identifying>true</identifying>
<optionalSource>false</optionalSource>
<optionalTarget>false</optionalTarget>
<sourceCardinality>1</sourceCardinality>
<sourceEntity>8BDF8DEA-09CF-5129-DB06-EE346D109C10</sourceEntity>
<targetCardinalityString>*</targetCardinalityString>
<targetEntity>538C74F7-FA53-CE15-5585-8B17340A593C</targetEntity>
<transferable>true</transferable>
<deleteRule>NO ACTION</deleteRule>
</Relation>