<?xml version = '1.0' encoding = 'UTF-8'?>
<Relation class="oracle.dbtools.crest.model.design.logical.Relation" name="Relation_10" directorySegmentName="seg_0" id="44403E1B-563D-2972-3ECB-39311C24F1E1">
<createdBy>paulo</createdBy>
<createdTime>2024-10-07 01:58:30 UTC</createdTime>
<ownerDesignName>modelo de datos</ownerDesignName>
<engineerTo>
<item key="58B6D257-61E5-3D75-9100-A8A21C1D7F70" value="true"/>
</engineerTo>
<sourcePk>2137F129-9190-C0E8-E6C8-783DF882AFFE</sourcePk>
<identifying>true</identifying>
<optionalSource>false</optionalSource>
<optionalTarget>false</optionalTarget>
<sourceCardinality>1</sourceCardinality>
<sourceEntity>42381D29-43D6-ED81-6521-83949F7DCF5A</sourceEntity>
<targetCardinalityString>*</targetCardinalityString>
<targetEntity>19A8F473-931D-717F-64DD-CA89DDD83EBC</targetEntity>
<transferable>true</transferable>
<deleteRule>NO ACTION</deleteRule>
</Relation>