<?xml version = '1.0' encoding = 'UTF-8'?>
<Relation class="oracle.dbtools.crest.model.design.logical.Relation" name="Relation_5" directorySegmentName="seg_0" id="691760AF-A999-1F9F-3B12-D3C49D365E04">
<createdBy>paulo</createdBy>
<createdTime>2024-10-07 01:48:07 UTC</createdTime>
<ownerDesignName>modelo de datos</ownerDesignName>
<engineerTo>
<item key="58B6D257-61E5-3D75-9100-A8A21C1D7F70" value="true"/>
</engineerTo>
<sourcePk>3206E0F9-2085-7F74-A2F2-CF30E6D5027D</sourcePk>
<targetPk>76E13309-EF0C-3B55-07DA-2871299F7503</targetPk>
<identifying>false</identifying>
<optionalSource>false</optionalSource>
<optionalTarget>false</optionalTarget>
<sourceCardinality>1</sourceCardinality>
<sourceEntity>2E4DC5C5-DF7B-2B31-2F98-BF415D1E0F5E</sourceEntity>
<targetCardinalityString>1</targetCardinalityString>
<targetEntity>515F86E1-2155-22F4-377B-694849B8ED03</targetEntity>
<transferable>true</transferable>
<deleteRule>NO ACTION</deleteRule>
</Relation>