<?xml version = '1.0' encoding = 'UTF-8'?>
<Relation class="oracle.dbtools.crest.model.design.logical.Relation" name="Relation_6" directorySegmentName="seg_0" id="7B7AA25C-1BB0-A7E9-29B3-660784FE7BB3">
<createdBy>paulo</createdBy>
<createdTime>2024-10-07 01:48:37 UTC</createdTime>
<ownerDesignName>modelo de datos</ownerDesignName>
<engineerTo>
<item key="58B6D257-61E5-3D75-9100-A8A21C1D7F70" value="true"/>
</engineerTo>
<sourcePk>76E13309-EF0C-3B55-07DA-2871299F7503</sourcePk>
<identifying>true</identifying>
<optionalSource>false</optionalSource>
<optionalTarget>false</optionalTarget>
<sourceCardinality>1</sourceCardinality>
<sourceEntity>515F86E1-2155-22F4-377B-694849B8ED03</sourceEntity>
<targetCardinalityString>*</targetCardinalityString>
<targetEntity>F40F718D-4609-0AA4-B0F0-BAE4074269AF</targetEntity>
<transferable>true</transferable>
<deleteRule>NO ACTION</deleteRule>
</Relation>