<?xml version = '1.0' encoding = 'UTF-8'?>
<Relation class="oracle.dbtools.crest.model.design.logical.Relation" name="Relation_15" directorySegmentName="seg_0" id="96C9B56C-AA43-985E-A3A2-1FDC4356F3F6">
<createdBy>paulo</createdBy>
<createdTime>2024-10-07 02:16:55 UTC</createdTime>
<ownerDesignName>modelo de datos</ownerDesignName>
<engineerTo>
<item key="58B6D257-61E5-3D75-9100-A8A21C1D7F70" value="true"/>
</engineerTo>
<sourcePk>EAB13CE0-0D4C-0399-4D10-753C3DBD4B14</sourcePk>
<identifying>true</identifying>
<optionalSource>false</optionalSource>
<optionalTarget>false</optionalTarget>
<sourceCardinality>1</sourceCardinality>
<sourceEntity>F40F718D-4609-0AA4-B0F0-BAE4074269AF</sourceEntity>
<targetCardinalityString>*</targetCardinalityString>
<targetEntity>82CB4FEB-8F91-B2F6-DB0A-F0269FF1583A</targetEntity>
<transferable>true</transferable>
<deleteRule>NO ACTION</deleteRule>
</Relation>