<?xml version = '1.0' encoding = 'UTF-8'?>
<Relation class="oracle.dbtools.crest.model.design.logical.Relation" name="Relation_18" directorySegmentName="seg_0" id="BABD54E4-21E5-627F-039D-EE6805D14272">
<createdBy>paulo</createdBy>
<createdTime>2024-10-07 02:17:19 UTC</createdTime>
<ownerDesignName>modelo de datos</ownerDesignName>
<engineerTo>
<item key="58B6D257-61E5-3D75-9100-A8A21C1D7F70" value="true"/>
</engineerTo>
<sourcePk>2DDC04C8-5A37-2A01-7E41-9129D52E81EB</sourcePk>
<identifying>true</identifying>
<optionalSource>false</optionalSource>
<optionalTarget>false</optionalTarget>
<sourceCardinality>1</sourceCardinality>
<sourceEntity>08161173-36E3-FF07-8182-6F7A2CBEAF9A</sourceEntity>
<targetCardinalityString>*</targetCardinalityString>
<targetEntity>8CCCFFE7-834F-26F7-F2BB-BAE860A02F8C</targetEntity>
<transferable>true</transferable>
<deleteRule>NO ACTION</deleteRule>
</Relation>