<?xml version = '1.0' encoding = 'UTF-8'?>
<Relation class="oracle.dbtools.crest.model.design.logical.Relation" name="Relation_20" directorySegmentName="seg_0" id="DDEC6D5A-C7E9-CDFA-6C43-4AD91D4B485E">
<createdBy>paulo</createdBy>
<createdTime>2024-10-07 02:17:34 UTC</createdTime>
<ownerDesignName>modelo de datos</ownerDesignName>
<engineerTo>
<item key="58B6D257-61E5-3D75-9100-A8A21C1D7F70" value="true"/>
</engineerTo>
<sourcePk>26D962E5-B56F-F041-978F-9EBE35C93462</sourcePk>
<identifying>true</identifying>
<optionalSource>false</optionalSource>
<optionalTarget>false</optionalTarget>
<sourceCardinality>1</sourceCardinality>
<sourceEntity>EC240CD9-32B5-A0BF-9C78-07080E683BE5</sourceEntity>
<targetCardinalityString>*</targetCardinalityString>
<targetEntity>08161173-36E3-FF07-8182-6F7A2CBEAF9A</targetEntity>
<transferable>true</transferable>
<deleteRule>NO ACTION</deleteRule>
</Relation>