<?xml version = '1.0' encoding = 'UTF-8'?>
<Relation class="oracle.dbtools.crest.model.design.logical.Relation" name="Relation_21" directorySegmentName="seg_0" id="E30CAB11-D71C-2287-5B64-1D536043D819">
<createdBy>paulo</createdBy>
<createdTime>2024-10-07 02:23:41 UTC</createdTime>
<ownerDesignName>modelo de datos</ownerDesignName>
<engineerTo>
<item key="58B6D257-61E5-3D75-9100-A8A21C1D7F70" value="true"/>
</engineerTo>
<sourcePk>2DDC04C8-5A37-2A01-7E41-9129D52E81EB</sourcePk>
<identifying>false</identifying>
<optionalSource>false</optionalSource>
<optionalTarget>false</optionalTarget>
<sourceCardinality>1</sourceCardinality>
<sourceEntity>08161173-36E3-FF07-8182-6F7A2CBEAF9A</sourceEntity>
<targetCardinalityString>*</targetCardinalityString>
<targetEntity>DBCECF2A-2E48-1418-8A61-A3D26C926270</targetEntity>
<transferable>true</transferable>
<deleteRule>NO ACTION</deleteRule>
</Relation>