<?xml version = '1.0' encoding = 'UTF-8'?>
<Relation class="oracle.dbtools.crest.model.design.logical.Relation" name="Relation_9" directorySegmentName="seg_0" id="E725624F-AF30-F93E-D481-51037E828D58">
<createdBy>paulo</createdBy>
<createdTime>2024-10-07 01:58:23 UTC</createdTime>
<ownerDesignName>modelo de datos</ownerDesignName>
<engineerTo>
<item key="58B6D257-61E5-3D75-9100-A8A21C1D7F70" value="true"/>
</engineerTo>
<sourcePk>C69D4060-4AE2-8DFC-CC83-D7169874A53B</sourcePk>
<identifying>true</identifying>
<optionalSource>false</optionalSource>
<optionalTarget>false</optionalTarget>
<sourceCardinality>1</sourceCardinality>
<sourceEntity>DBCECF2A-2E48-1418-8A61-A3D26C926270</sourceEntity>
<targetCardinalityString>*</targetCardinalityString>
<targetEntity>19A8F473-931D-717F-64DD-CA89DDD83EBC</targetEntity>
<transferable>true</transferable>
<deleteRule>NO ACTION</deleteRule>
</Relation>