<?xml version = '1.0' encoding = 'UTF-8'?>
<Relation class="oracle.dbtools.crest.model.design.logical.Relation" name="Relation_29" directorySegmentName="seg_0" id="0D032822-B19C-E638-0F80-8A529CED4F82">
<createdBy>Paulo</createdBy>
<createdTime>2024-10-12 00:18:52 UTC</createdTime>
<ownerDesignName>CarMotorFix</ownerDesignName>
<engineerTo>
<item key="58B6D257-61E5-3D75-9100-A8A21C1D7F70" value="true"/>
</engineerTo>
<sourcePk>7A6191C7-E323-3D24-322D-357DBC1C7CC8</sourcePk>
<identifying>false</identifying>
<optionalSource>false</optionalSource>
<optionalTarget>false</optionalTarget>
<sourceCardinality>1</sourceCardinality>
<sourceEntity>3ED2E475-E54A-C170-56E0-D7DDB7C81D5B</sourceEntity>
<targetCardinalityString>*</targetCardinalityString>
<targetEntity>4E81F8FA-CB6F-E7E1-D112-BEA48DF5A880</targetEntity>
<transferable>true</transferable>
<deleteRule>NO ACTION</deleteRule>
</Relation>