<?xml version = '1.0' encoding = 'UTF-8'?>
<Relation class="oracle.dbtools.crest.model.design.logical.Relation" name="Relation_28" directorySegmentName="seg_0" id="44BB1F77-DCBE-87DE-2274-5CFF34AB4187">
<createdBy>Paulo</createdBy>
<createdTime>2024-10-12 00:18:44 UTC</createdTime>
<ownerDesignName>CarMotorFix</ownerDesignName>
<engineerTo>
<item key="58B6D257-61E5-3D75-9100-A8A21C1D7F70" value="true"/>
</engineerTo>
<sourcePk>B6ABE0C3-7F0A-22BA-6112-C84CC73B024F</sourcePk>
<identifying>false</identifying>
<optionalSource>false</optionalSource>
<optionalTarget>false</optionalTarget>
<sourceCardinality>1</sourceCardinality>
<sourceEntity>397D6C7E-9884-DD5A-237E-1658C410C666</sourceEntity>
<targetCardinalityString>*</targetCardinalityString>
<targetEntity>4E81F8FA-CB6F-E7E1-D112-BEA48DF5A880</targetEntity>
<transferable>true</transferable>
<deleteRule>NO ACTION</deleteRule>
</Relation>