<?xml version = '1.0' encoding = 'UTF-8'?>
<Relation class="oracle.dbtools.crest.model.design.logical.Relation" name="Relation_26" directorySegmentName="seg_0" id="6DF9ADD6-C4AE-6ADA-B6AD-A19D34C77EC4">
<createdBy>Paulo</createdBy>
<createdTime>2024-10-12 00:03:49 UTC</createdTime>
<ownerDesignName>CarMotorFix</ownerDesignName>
<engineerTo>
<item key="58B6D257-61E5-3D75-9100-A8A21C1D7F70" value="true"/>
</engineerTo>
<sourcePk>78D79A36-CEDA-AF00-AC9E-0EFB61446495</sourcePk>
<identifying>false</identifying>
<optionalSource>false</optionalSource>
<optionalTarget>false</optionalTarget>
<sourceCardinality>1</sourceCardinality>
<sourceEntity>C614C179-E790-0A55-0B71-E90A90F83B28</sourceEntity>
<targetCardinalityString>*</targetCardinalityString>
<targetEntity>DBCECF2A-2E48-1418-8A61-A3D26C926270</targetEntity>
<transferable>true</transferable>
<deleteRule>NO ACTION</deleteRule>
</Relation>