<?xml version = '1.0' encoding = 'UTF-8'?>
<Relation class="oracle.dbtools.crest.model.design.logical.Relation" name="Relation_33" directorySegmentName="seg_0" id="7F604356-34E3-D3D6-F979-24A5B84D71D2">
<createdBy>Paulo</createdBy>
<createdTime>2024-10-12 00:37:47 UTC</createdTime>
<ownerDesignName>CarMotorFix</ownerDesignName>
<engineerTo>
<item key="58B6D257-61E5-3D75-9100-A8A21C1D7F70" value="true"/>
</engineerTo>
<sourcePk>2DDC04C8-5A37-2A01-7E41-9129D52E81EB</sourcePk>
<identifying>false</identifying>
<optionalSource>false</optionalSource>
<optionalTarget>false</optionalTarget>
<sourceCardinality>*</sourceCardinality>
<sourceEntity>08161173-36E3-FF07-8182-6F7A2CBEAF9A</sourceEntity>
<targetCardinalityString>*</targetCardinalityString>
<targetEntity>DBCECF2A-2E48-1418-8A61-A3D26C926270</targetEntity>
<transferable>true</transferable>
<deleteRule>NO ACTION</deleteRule>
<attributes itemClass="oracle.dbtools.crest.model.design.logical.Attribute">
<attribute name="Fecha_ini" id="D969D0D5-10C4-CC23-E371-6A14EA81B2E6">
<createdBy>Paulo</createdBy>
<createdTime>2024-10-12 00:39:09 UTC</createdTime>
<ownerDesignName>CarMotorFix</ownerDesignName>
<engineerTo>
<item key="58B6D257-61E5-3D75-9100-A8A21C1D7F70" value="true"/>
</engineerTo>
<useDomainConstraints>false</useDomainConstraints>
<use>1</use>
<logicalDatatype>LOGDT007</logicalDatatype>
<ownDataTypeParameters>,,</ownDataTypeParameters>
</attribute>
<attribute name="fecha_fin" id="D11B3AD7-6FD8-2244-8DDA-633A6AB0262C">
<createdBy>Paulo</createdBy>
<createdTime>2024-10-12 00:39:21 UTC</createdTime>
<ownerDesignName>CarMotorFix</ownerDesignName>
<engineerTo>
<item key="58B6D257-61E5-3D75-9100-A8A21C1D7F70" value="true"/>
</engineerTo>
<useDomainConstraints>false</useDomainConstraints>
<use>1</use>
<logicalDatatype>LOGDT007</logicalDatatype>
<ownDataTypeParameters>,,</ownDataTypeParameters>
</attribute>
<attribute name="CostoVariable" id="3DAC1716-62DA-AAC2-068B-A43167BA6A2A">
<createdBy>Paulo</createdBy>
<createdTime>2024-10-12 00:39:38 UTC</createdTime>
<ownerDesignName>CarMotorFix</ownerDesignName>
<engineerTo>
<item key="58B6D257-61E5-3D75-9100-A8A21C1D7F70" value="true"/>
</engineerTo>
<useDomainConstraints>false</useDomainConstraints>
<use>1</use>
<logicalDatatype>LOGDT019</logicalDatatype>
<dataTypePrecision>30</dataTypePrecision>
<dataTypeScale>0</dataTypeScale>
<ownDataTypeParameters>,30,0</ownDataTypeParameters>
</attribute>
</attributes>
</Relation>