<?xml version = '1.0' encoding = 'UTF-8'?>
<Relation class="oracle.dbtools.crest.model.design.logical.Relation" name="Relation_36" directorySegmentName="seg_0" id="DE284F37-6B3B-4F68-DD12-C51FF99D9D34">
<createdBy>Paulo</createdBy>
<createdTime>2024-10-12 00:56:57 UTC</createdTime>
<ownerDesignName>CarMotorFix</ownerDesignName>
<engineerTo>
<item key="58B6D257-61E5-3D75-9100-A8A21C1D7F70" value="true"/>
</engineerTo>
<sourcePk>44FC96A5-863F-3333-E624-3E51F5011574</sourcePk>
<identifying>false</identifying>
<optionalSource>false</optionalSource>
<optionalTarget>false</optionalTarget>
<sourceCardinality>1</sourceCardinality>
<sourceEntity>8BDF8DEA-09CF-5129-DB06-EE346D109C10</sourceEntity>
<targetCardinalityString>*</targetCardinalityString>
<targetEntity>538C74F7-FA53-CE15-5585-8B17340A593C</targetEntity>
<transferable>true</transferable>
<deleteRule>NO ACTION</deleteRule>
</Relation>