<?xml version = '1.0' encoding = 'UTF-8'?>
<Table class="oracle.dbtools.crest.model.design.relational.Table" directorySegmentName="seg_0" id="301BC1CF-234C-E798-7F4D-86473F4862F5" name="Taller">
<createdBy>Paulo</createdBy>
<createdTime>2024-10-12 01:38:09 UTC</createdTime>
<generatorID>515F86E1-2155-22F4-377B-694849B8ED03</generatorID>
<ownerDesignName>CarMotorFix</ownerDesignName>
<allowColumnReorder>false</allowColumnReorder>
<existDependencyGenerateInDDl>true</existDependencyGenerateInDDl>
<parsed>true</parsed>
<columns itemClass="oracle.dbtools.crest.model.design.relational.Column">
<Column name="ID_Taller" id="0144F53D-A9B5-EE64-E7B4-A17194F5403F">
<createdBy>Paulo</createdBy>
<createdTime>2024-10-12 01:38:09 UTC</createdTime>
<generatorID>684C69E1-949F-DB98-08B5-D68562BA7664</generatorID>
<ownerDesignName>CarMotorFix</ownerDesignName>
<useDomainConstraints>false</useDomainConstraints>
<use>1</use>
<logicalDatatype>LOGDT019</logicalDatatype>
<dataTypePrecision>10</dataTypePrecision>
<ownDataTypeParameters>,10,</ownDataTypeParameters>
<autoIncrementCycle>false</autoIncrementCycle>
</Column>
<Column name="Nom_taller" id="359E0F1C-A5EB-36E8-D529-7A5FBF1C78C2">
<createdBy>Paulo</createdBy>
<createdTime>2024-10-12 01:38:09 UTC</createdTime>
<generatorID>81601E95-070D-68C4-9118-181BD01AA444</generatorID>
<ownerDesignName>CarMotorFix</ownerDesignName>
<useDomainConstraints>false</useDomainConstraints>
<use>1</use>
<logicalDatatype>LOGDT024</logicalDatatype>
<dataTypeSize>50</dataTypeSize>
<ownDataTypeParameters>50,,</ownDataTypeParameters>
<autoIncrementCycle>false</autoIncrementCycle>
</Column>
<Column name="Dirrec_taller" id="C04D2A84-47D1-74F8-3E60-18C9B953269D">
<createdBy>Paulo</createdBy>
<createdTime>2024-10-12 01:38:09 UTC</createdTime>
<generatorID>1B742A07-1263-AF33-8A23-069D93D7CE54</generatorID>
<ownerDesignName>CarMotorFix</ownerDesignName>
<useDomainConstraints>false</useDomainConstraints>
<use>1</use>
<logicalDatatype>LOGDT024</logicalDatatype>
<dataTypeSize>50</dataTypeSize>
<ownDataTypeParameters>50,,</ownDataTypeParameters>
<autoIncrementCycle>false</autoIncrementCycle>
</Column>
<Column name="Ciudad_Cod_ciudad" id="BFA1F52C-D792-5490-22C9-719E2F1A0915">
<createdBy>Paulo</createdBy>
<createdTime>2024-10-12 01:38:09 UTC</createdTime>
<generatorID>17E76CD2-2987-C9A3-1CC8-1C6570511FC2</generatorID>
<ownerDesignName>CarMotorFix</ownerDesignName>
<useDomainConstraints>false</useDomainConstraints>
<use>1</use>
<logicalDatatype>LOGDT019</logicalDatatype>
<dataTypePrecision>20</dataTypePrecision>
<ownDataTypeParameters>,,</ownDataTypeParameters>
<previousColumn>false</previousColumn>
<autoIncrementCycle>false</autoIncrementCycle>
<associations>
<colAssociation fkAssociation="0301D08B-FA2B-1A24-FC87-27783D54E9EE" referredColumn="AFE06539-DD88-85F6-F11E-90096E3EA937"/>
</associations>
</Column>
</columns>
<indexes itemClass="oracle.dbtools.crest.model.design.relational.Index">
<ind_PK_UK id="92BE9B8E-BCA2-FF99-18E1-0D8D08210293" name="Taller_PK">
<createdBy>Paulo</createdBy>
<createdTime>2024-10-12 01:38:09 UTC</createdTime>
<generatorID>76E13309-EF0C-3B55-07DA-2871299F7503</generatorID>
<ownerDesignName>CarMotorFix</ownerDesignName>
<pk>true</pk>
<indexState>Primary Constraint</indexState>
<isSurrogateKey>false</isSurrogateKey>
<indexColumnUsage>
<colUsage columnID="0144F53D-A9B5-EE64-E7B4-A17194F5403F"/>
</indexColumnUsage>
</ind_PK_UK>
<ind_PK_UK id="45F5A9BD-0EAF-3BED-B497-403F440C6172" name="Taller_Ciudad_FK">
<createdBy>Paulo</createdBy>
<createdTime>2024-10-12 01:38:10 UTC</createdTime>
<generatorID>89853186-5C5E-D510-8EE4-E5B24FCB05B3</generatorID>
<ownerDesignName>CarMotorFix</ownerDesignName>
<indexState>Foreign Key</indexState>
<isSurrogateKey>false</isSurrogateKey>
<indexColumnUsage>
<colUsage columnID="BFA1F52C-D792-5490-22C9-719E2F1A0915"/>
</indexColumnUsage>
</ind_PK_UK>
</indexes>
</Table>