<?xml version = '1.0' encoding = 'UTF-8'?>
<Table class="oracle.dbtools.crest.model.design.relational.Table" directorySegmentName="seg_0" id="AD2B4208-B54F-8422-55AE-BD967E9F196D" name="Marca">
<createdBy>Paulo</createdBy>
<createdTime>2024-10-12 01:38:09 UTC</createdTime>
<generatorID>3ED2E475-E54A-C170-56E0-D7DDB7C81D5B</generatorID>
<ownerDesignName>CarMotorFix</ownerDesignName>
<allowColumnReorder>false</allowColumnReorder>
<existDependencyGenerateInDDl>true</existDependencyGenerateInDDl>
<parsed>true</parsed>
<columns itemClass="oracle.dbtools.crest.model.design.relational.Column">
<Column name="Id_marca" id="4E2EAF71-A8D4-D65A-C5B8-34C487262363">
<createdBy>Paulo</createdBy>
<createdTime>2024-10-12 01:38:09 UTC</createdTime>
<generatorID>119A0836-6D1B-C1F6-E7E0-64C702473744</generatorID>
<ownerDesignName>CarMotorFix</ownerDesignName>
<useDomainConstraints>false</useDomainConstraints>
<use>1</use>
<logicalDatatype>LOGDT019</logicalDatatype>
<dataTypePrecision>50</dataTypePrecision>
<ownDataTypeParameters>,50,</ownDataTypeParameters>
<autoIncrementCycle>false</autoIncrementCycle>
</Column>
<Column name="nomb_Marca" id="99130DF1-8334-1B35-B05C-E463C77C224D">
<createdBy>Paulo</createdBy>
<createdTime>2024-10-12 01:38:09 UTC</createdTime>
<generatorID>FBA23B56-0550-C317-05A1-8B89FAAB2EB0</generatorID>
<ownerDesignName>CarMotorFix</ownerDesignName>
<useDomainConstraints>false</useDomainConstraints>
<use>1</use>
<logicalDatatype>LOGDT024</logicalDatatype>
<dataTypeSize>60</dataTypeSize>
<ownDataTypeParameters>60,,</ownDataTypeParameters>
<autoIncrementCycle>false</autoIncrementCycle>
</Column>
</columns>
<indexes itemClass="oracle.dbtools.crest.model.design.relational.Index">
<ind_PK_UK id="4015E7E1-CB5F-467B-C0FB-41560B3AF8F7" name="Marca_PK">
<createdBy>Paulo</createdBy>
<createdTime>2024-10-12 01:38:09 UTC</createdTime>
<generatorID>7A6191C7-E323-3D24-322D-357DBC1C7CC8</generatorID>
<ownerDesignName>CarMotorFix</ownerDesignName>
<pk>true</pk>
<indexState>Primary Constraint</indexState>
<isSurrogateKey>false</isSurrogateKey>
<indexColumnUsage>
<colUsage columnID="4E2EAF71-A8D4-D65A-C5B8-34C487262363"/>
</indexColumnUsage>
</ind_PK_UK>
</indexes>
</Table>