<?xml version = '1.0' encoding = 'UTF-8'?>
<Table class="oracle.dbtools.crest.model.design.relational.Table" directorySegmentName="seg_0" id="B12EAD7F-D3D4-4B5C-174F-A0470520265E" name="Region">
<createdBy>Paulo</createdBy>
<createdTime>2024-10-12 01:38:09 UTC</createdTime>
<generatorID>8BDF8DEA-09CF-5129-DB06-EE346D109C10</generatorID>
<ownerDesignName>CarMotorFix</ownerDesignName>
<allowColumnReorder>false</allowColumnReorder>
<existDependencyGenerateInDDl>true</existDependencyGenerateInDDl>
<parsed>true</parsed>
<columns itemClass="oracle.dbtools.crest.model.design.relational.Column">
<Column name="Cod_region" id="2E5F8A2D-0297-3EEB-7BC3-06B33545575F">
<createdBy>Paulo</createdBy>
<createdTime>2024-10-12 01:38:09 UTC</createdTime>
<generatorID>B757268D-952F-7C44-CC6D-35F05D68AD43</generatorID>
<ownerDesignName>CarMotorFix</ownerDesignName>
<useDomainConstraints>false</useDomainConstraints>
<use>1</use>
<logicalDatatype>LOGDT019</logicalDatatype>
<dataTypePrecision>20</dataTypePrecision>
<ownDataTypeParameters>,20,</ownDataTypeParameters>
<autoIncrementCycle>false</autoIncrementCycle>
</Column>
<Column name="Nom_region" id="607EC64E-5C2B-47E6-6473-980987648076">
<createdBy>Paulo</createdBy>
<createdTime>2024-10-12 01:38:09 UTC</createdTime>
<generatorID>0AC948B7-BD69-8EB2-DD46-43C74794A81A</generatorID>
<ownerDesignName>CarMotorFix</ownerDesignName>
<useDomainConstraints>false</useDomainConstraints>
<use>1</use>
<logicalDatatype>LOGDT024</logicalDatatype>
<dataTypeSize>40</dataTypeSize>
<ownDataTypeParameters>40,,</ownDataTypeParameters>
<autoIncrementCycle>false</autoIncrementCycle>
</Column>
</columns>
<indexes itemClass="oracle.dbtools.crest.model.design.relational.Index">
<ind_PK_UK id="F48E8EC1-DBFD-FB88-42E7-6124EA4D780E" name="Region_PK">
<createdBy>Paulo</createdBy>
<createdTime>2024-10-12 01:38:09 UTC</createdTime>
<generatorID>44FC96A5-863F-3333-E624-3E51F5011574</generatorID>
<ownerDesignName>CarMotorFix</ownerDesignName>
<pk>true</pk>
<indexState>Primary Constraint</indexState>
<isSurrogateKey>false</isSurrogateKey>
<indexColumnUsage>
<colUsage columnID="2E5F8A2D-0297-3EEB-7BC3-06B33545575F"/>
</indexColumnUsage>
</ind_PK_UK>
</indexes>
</Table>