<?xml version = '1.0' encoding = 'UTF-8'?>
<Table class="oracle.dbtools.crest.model.design.relational.Table" directorySegmentName="seg_0" id="ED2EBFC0-3D8C-FDD4-CF53-7C6EB642DA16" name="Gerente">
<createdBy>Paulo</createdBy>
<createdTime>2024-10-12 01:38:09 UTC</createdTime>
<generatorID>2E4DC5C5-DF7B-2B31-2F98-BF415D1E0F5E</generatorID>
<ownerDesignName>CarMotorFix</ownerDesignName>
<allowColumnReorder>false</allowColumnReorder>
<existDependencyGenerateInDDl>true</existDependencyGenerateInDDl>
<parsed>true</parsed>
<columns itemClass="oracle.dbtools.crest.model.design.relational.Column">
<Column name="ID" id="F33D45AC-FF4F-52C1-9078-D10F8242D255">
<createdBy>Paulo</createdBy>
<createdTime>2024-10-12 01:38:09 UTC</createdTime>
<generatorID>3765C347-5F8B-352B-85E6-2A4F39F4F2ED</generatorID>
<ownerDesignName>CarMotorFix</ownerDesignName>
<useDomainConstraints>false</useDomainConstraints>
<use>1</use>
<logicalDatatype>LOGDT019</logicalDatatype>
<dataTypePrecision>30</dataTypePrecision>
<ownDataTypeParameters>,30,</ownDataTypeParameters>
<autoIncrementCycle>false</autoIncrementCycle>
</Column>
<Column name="Rut" id="24E71C1B-E2B8-BDBA-9D0E-D4B0D5965809">
<createdBy>Paulo</createdBy>
<createdTime>2024-10-12 01:38:09 UTC</createdTime>
<generatorID>F6D82ACC-1B0D-F739-BC1D-BFFA3F771E76</generatorID>
<ownerDesignName>CarMotorFix</ownerDesignName>
<useDomainConstraints>false</useDomainConstraints>
<use>1</use>
<logicalDatatype>LOGDT019</logicalDatatype>
<dataTypePrecision>8</dataTypePrecision>
<ownDataTypeParameters>,8,</ownDataTypeParameters>
<autoIncrementCycle>false</autoIncrementCycle>
</Column>
<Column name="Num_verificador" id="702ED1E2-03C3-B6E6-0442-BCF92AFAB890">
<createdBy>Paulo</createdBy>
<createdTime>2024-10-12 01:38:09 UTC</createdTime>
<generatorID>751BF5AD-F7E3-9164-768D-A6FB76D48E27</generatorID>
<ownerDesignName>CarMotorFix</ownerDesignName>
<useDomainConstraints>false</useDomainConstraints>
<use>1</use>
<logicalDatatype>LOGDT024</logicalDatatype>
<dataTypeSize>1</dataTypeSize>
<ownDataTypeParameters>1,,</ownDataTypeParameters>
<autoIncrementCycle>false</autoIncrementCycle>
</Column>
<Column name="Prim_nom" id="9744E793-0B27-3B75-5376-5895AE2B01F4">
<createdBy>Paulo</createdBy>
<createdTime>2024-10-12 01:38:09 UTC</createdTime>
<generatorID>D51E58AE-7AFB-A93D-9E79-648602926B3A</generatorID>
<ownerDesignName>CarMotorFix</ownerDesignName>
<useDomainConstraints>false</useDomainConstraints>
<use>1</use>
<logicalDatatype>LOGDT024</logicalDatatype>
<dataTypeSize>30</dataTypeSize>
<ownDataTypeParameters>30,,</ownDataTypeParameters>
<autoIncrementCycle>false</autoIncrementCycle>
</Column>
<Column name="Seg_nom" id="0CC44913-2492-F1E7-F99E-2ACDE582BF33">
<createdBy>Paulo</createdBy>
<createdTime>2024-10-12 01:38:09 UTC</createdTime>
<commentInRDBMS><![CDATA[El segundo nombre no es obligatorio ya que algunas personas no las tienen]]></commentInRDBMS>
<generatorID>659CA064-DEE8-496B-C80E-46B072D0068D</generatorID>
<ownerDesignName>CarMotorFix</ownerDesignName>
<nullsAllowed>true</nullsAllowed>
<useDomainConstraints>false</useDomainConstraints>
<use>1</use>
<logicalDatatype>LOGDT024</logicalDatatype>
<dataTypeSize>30</dataTypeSize>
<ownDataTypeParameters>30,,</ownDataTypeParameters>
<autoIncrementCycle>false</autoIncrementCycle>
</Column>
<Column name="Prim_ap" id="F32A59AC-7387-82AF-8C68-665E06C49150">
<createdBy>Paulo</createdBy>
<createdTime>2024-10-12 01:38:09 UTC</createdTime>
<generatorID>84FF9848-34DB-19A4-E9A9-EF08340AC58B</generatorID>
<ownerDesignName>CarMotorFix</ownerDesignName>
<useDomainConstraints>false</useDomainConstraints>
<use>1</use>
<logicalDatatype>LOGDT024</logicalDatatype>
<dataTypeSize>40</dataTypeSize>
<ownDataTypeParameters>40,,</ownDataTypeParameters>
<autoIncrementCycle>false</autoIncrementCycle>
</Column>
<Column name="Seg_ap" id="7EB9B9B3-4DAE-96C5-2333-C7A3D450DB16">
<createdBy>Paulo</createdBy>
<createdTime>2024-10-12 01:38:09 UTC</createdTime>
<commentInRDBMS><![CDATA[El segundo apellido no es obligatorio ya que algunas persona no la tienen]]></commentInRDBMS>
<generatorID>BB422740-D73A-526D-91B5-270CD47D3F93</generatorID>
<ownerDesignName>CarMotorFix</ownerDesignName>
<nullsAllowed>true</nullsAllowed>
<useDomainConstraints>false</useDomainConstraints>
<use>1</use>
<logicalDatatype>LOGDT024</logicalDatatype>
<dataTypeSize>40</dataTypeSize>
<ownDataTypeParameters>40,,</ownDataTypeParameters>
<autoIncrementCycle>false</autoIncrementCycle>
</Column>
<Column name="correo" id="09D3A443-E2CD-6A63-3C0B-46F4A201B0E8">
<createdBy>Paulo</createdBy>
<createdTime>2024-10-12 01:38:09 UTC</createdTime>
<commentInRDBMS><![CDATA[El correo es necesario que tenga como obligacion el @ y el .]]></commentInRDBMS>
<generatorID>065FCB8F-59F4-3074-1419-7C4DDA5CF1EA</generatorID>
<ownerDesignName>CarMotorFix</ownerDesignName>
<useDomainConstraints>false</useDomainConstraints>
<use>1</use>
<logicalDatatype>LOGDT024</logicalDatatype>
<dataTypeSize>40</dataTypeSize>
<ownDataTypeParameters>40,,</ownDataTypeParameters>
<autoIncrementCycle>false</autoIncrementCycle>
</Column>
<Column name="Contraseña" id="BE06FFBA-6833-A2F9-196B-0810CE19E57C">
<createdBy>Paulo</createdBy>
<createdTime>2024-10-12 01:38:09 UTC</createdTime>
<commentInRDBMS><![CDATA[La contraseña tiene que cumplir con la encriptacion de esta y que sea segura]]></commentInRDBMS>
<generatorID>EAB49F01-4E05-B7B4-B616-CD477297A5D1</generatorID>
<ownerDesignName>CarMotorFix</ownerDesignName>
<useDomainConstraints>false</useDomainConstraints>
<use>1</use>
<logicalDatatype>LOGDT024</logicalDatatype>
<dataTypeSize>40</dataTypeSize>
<ownDataTypeParameters>40,,</ownDataTypeParameters>
<autoIncrementCycle>false</autoIncrementCycle>
</Column>
</columns>
<indexes itemClass="oracle.dbtools.crest.model.design.relational.Index">
<ind_PK_UK id="D487A9A6-EFF1-7908-9CC5-8C11E841AE65" name="Gerente_PK">
<createdBy>Paulo</createdBy>
<createdTime>2024-10-12 01:38:09 UTC</createdTime>
<generatorID>3206E0F9-2085-7F74-A2F2-CF30E6D5027D</generatorID>
<ownerDesignName>CarMotorFix</ownerDesignName>
<pk>true</pk>
<indexState>Primary Constraint</indexState>
<isSurrogateKey>false</isSurrogateKey>
<indexColumnUsage>
<colUsage columnID="F33D45AC-FF4F-52C1-9078-D10F8242D255"/>
</indexColumnUsage>
</ind_PK_UK>
</indexes>
</Table>