<?xml version = '1.0' encoding = 'UTF-8'?>
<Diagram class="oracle.dbtools.crest.swingui.logical.DPVLogical" name="Logical" id="FC41419D-A318-6207-DB5A-A5BAB4B41F65">
<createdBy>paulo</createdBy>
<modifiedBy>paulo</modifiedBy>
<createdTime>2024-10-07 01:00:18 UTC</createdTime>
<autoRoute>false</autoRoute>
<boxInbox>true</boxInbox>
<showLegend>false</showLegend>
<showLabels>false</showLabels>
<showRelAttributes>false</showRelAttributes>
<gridEnabled>false</gridEnabled>
<showGrid>false</showGrid>
<diagramColor>-1</diagramColor>
<display>false</display>
<notation>1</notation>
<objectViews>
<OView class="oracle.dbtools.crest.swingui.logical.TVEntity" oid="08161173-36E3-FF07-8182-6F7A2CBEAF9A" otype="Entity" vid="77D4D02B-8B6C-3F8D-67B0-BFC9CB103193">
<hideElementsInCurrentOnly>false</hideElementsInCurrentOnly>
<bounds x="678" y="414" width="170" height="91"/>
</OView>
<OView class="oracle.dbtools.crest.swingui.logical.TVEntity" oid="19A8F473-931D-717F-64DD-CA89DDD83EBC" otype="Entity" vid="AE7EF906-DF24-4AC5-861F-235D8F12B3EE">
<hideElementsInCurrentOnly>false</hideElementsInCurrentOnly>
<bounds x="211" y="151" width="137" height="59"/>
</OView>
<OView class="oracle.dbtools.crest.swingui.logical.TVEntity" oid="2E4DC5C5-DF7B-2B31-2F98-BF415D1E0F5E" otype="Entity" vid="48AE138A-B373-B98C-CCD1-D28C6D128E9C">
<hideElementsInCurrentOnly>false</hideElementsInCurrentOnly>
<bounds x="877" y="194" width="131" height="156"/>
</OView>
<OView class="oracle.dbtools.crest.swingui.logical.TVEntity" oid="397D6C7E-9884-DD5A-237E-1658C410C666" otype="Entity" vid="F85669AE-92CA-B7EC-D44B-ADDF21DC18F5">
<hideElementsInCurrentOnly>false</hideElementsInCurrentOnly>
<bounds x="11" y="361" width="113" height="54"/>
</OView>
<OView class="oracle.dbtools.crest.swingui.logical.TVEntity" oid="42381D29-43D6-ED81-6521-83949F7DCF5A" otype="Entity" vid="B416C203-91DC-D1EB-E264-301D0783585B">
<hideElementsInCurrentOnly>false</hideElementsInCurrentOnly>
<bounds x="15" y="92" width="106" height="147"/>
</OView>
<OView class="oracle.dbtools.crest.swingui.logical.TVEntity" oid="4E81F8FA-CB6F-E7E1-D112-BEA48DF5A880" otype="Entity" vid="4B7BEE33-3136-41A0-D2D5-DC895B8E8F5E">
<hideElementsInCurrentOnly>false</hideElementsInCurrentOnly>
<bounds x="215" y="359" width="168" height="137"/>
</OView>
<OView class="oracle.dbtools.crest.swingui.logical.TVEntity" oid="515F86E1-2155-22F4-377B-694849B8ED03" otype="Entity" vid="450401E6-73AC-0A10-A0D5-910DB4E93FE2">
<hideElementsInCurrentOnly>false</hideElementsInCurrentOnly>
<bounds x="869" y="61" width="120" height="71"/>
</OView>
<OView class="oracle.dbtools.crest.swingui.logical.TVEntity" oid="538C74F7-FA53-CE15-5585-8B17340A593C" otype="Entity" vid="68E935F5-F098-DBE7-CFB3-25C1F8C91ACB">
<hideElementsInCurrentOnly>false</hideElementsInCurrentOnly>
<bounds x="1078" y="68" width="110" height="64"/>
</OView>
<OView class="oracle.dbtools.crest.swingui.logical.TVEntity" oid="82CB4FEB-8F91-B2F6-DB0A-F0269FF1583A" otype="Entity" vid="676AF9A0-FB75-3942-7E93-ED5B434AF3C3">
<hideElementsInCurrentOnly>false</hideElementsInCurrentOnly>
<bounds x="669" y="290" width="145" height="27"/>
</OView>
<OView class="oracle.dbtools.crest.swingui.logical.TVEntity" oid="8BDF8DEA-09CF-5129-DB06-EE346D109C10" otype="Entity" vid="CC6C718D-7B95-A182-B601-F956E90B890A">
<hideElementsInCurrentOnly>false</hideElementsInCurrentOnly>
<bounds x="1049" y="310" width="119" height="54"/>
</OView>
<OView class="oracle.dbtools.crest.swingui.logical.TVEntity" oid="8CCCFFE7-834F-26F7-F2BB-BAE860A02F8C" otype="Entity" vid="2C668FFE-DADB-14B3-47EE-C018B1E3B706">
<hideElementsInCurrentOnly>false</hideElementsInCurrentOnly>
<bounds x="480" y="405" width="94" height="55"/>
</OView>
<OView class="oracle.dbtools.crest.swingui.logical.TVEntity" oid="C614C179-E790-0A55-0B71-E90A90F83B28" otype="Entity" vid="72193077-C26D-99E7-156A-E2F7F47BB6ED">
<hideElementsInCurrentOnly>false</hideElementsInCurrentOnly>
<bounds x="472" y="13" width="110" height="56"/>
</OView>
<OView class="oracle.dbtools.crest.swingui.logical.TVEntity" oid="DBCECF2A-2E48-1418-8A61-A3D26C926270" otype="Entity" vid="3FFDA0E9-BAB1-2FC8-2C13-201BC47B7009">
<hideElementsInCurrentOnly>false</hideElementsInCurrentOnly>
<bounds x="424" y="129" width="143" height="96"/>
</OView>
<OView class="oracle.dbtools.crest.swingui.logical.TVEntity" oid="EC240CD9-32B5-A0BF-9C78-07080E683BE5" otype="Entity" vid="DF8E3FAE-72D2-E2AD-AA3C-2EF42FF9C3C1">
<hideElementsInCurrentOnly>false</hideElementsInCurrentOnly>
<bounds x="900" y="436" width="126" height="61"/>
</OView>
<OView class="oracle.dbtools.crest.swingui.logical.TVEntity" oid="F40F718D-4609-0AA4-B0F0-BAE4074269AF" otype="Entity" vid="7C48B53A-19BE-CE09-2162-4C3571AD6422">
<hideElementsInCurrentOnly>false</hideElementsInCurrentOnly>
<bounds x="680" y="47" width="125" height="149"/>
</OView>
</objectViews>
<connectors>
<Connector class="oracle.dbtools.crest.swingui.logical.TVRelation" oid="075328FC-A260-3744-FE8A-71D137DA387A" otype="Relation" vid_source="77D4D02B-8B6C-3F8D-67B0-BFC9CB103193" vid_target="676AF9A0-FB75-3942-7E93-ED5B434AF3C3">
<hideElementsInCurrentOnly>false</hideElementsInCurrentOnly>
<backgroundColor>-16777216</backgroundColor>
<lineWidth>1</lineWidth>
<points>
<point x="746" y="414"/>
<point x="746" y="317"/>
</points>
</Connector>
<Connector class="oracle.dbtools.crest.swingui.logical.TVRelation" oid="3279431C-FAE8-28BB-B7CC-9B7437B359BE" otype="Relation" vid_source="B416C203-91DC-D1EB-E264-301D0783585B" vid_target="4B7BEE33-3136-41A0-D2D5-DC895B8E8F5E">
<hideElementsInCurrentOnly>false</hideElementsInCurrentOnly>
<backgroundColor>-16777216</backgroundColor>
<lineWidth>1</lineWidth>
<points>
<point x="121" y="207"/>
<point x="193" y="207"/>
<point x="215" y="359"/>
</points>
</Connector>
<Connector class="oracle.dbtools.crest.swingui.logical.TVRelation" oid="33794EF4-DC2E-56A8-49CE-B80FC5D2B13D" otype="Relation" vid_source="7C48B53A-19BE-CE09-2162-4C3571AD6422" vid_target="3FFDA0E9-BAB1-2FC8-2C13-201BC47B7009">
<hideElementsInCurrentOnly>false</hideElementsInCurrentOnly>
<backgroundColor>-16777216</backgroundColor>
<lineWidth>1</lineWidth>
<points>
<point x="680" y="162"/>
<point x="567" y="162"/>
</points>
</Connector>
<Connector class="oracle.dbtools.crest.swingui.logical.TVRelation" oid="366D140A-65EA-E911-4CFB-3A7913177036" otype="Relation" vid_source="4B7BEE33-3136-41A0-D2D5-DC895B8E8F5E" vid_target="2C668FFE-DADB-14B3-47EE-C018B1E3B706">
<hideElementsInCurrentOnly>false</hideElementsInCurrentOnly>
<backgroundColor>-16777216</backgroundColor>
<lineWidth>1</lineWidth>
<points>
<point x="383" y="432"/>
<point x="480" y="432"/>
</points>
</Connector>
<Connector class="oracle.dbtools.crest.swingui.logical.TVRelation" oid="3A87313E-E5C9-CF01-B55F-875B9B798206" otype="Relation" vid_source="CC6C718D-7B95-A182-B601-F956E90B890A" vid_target="68E935F5-F098-DBE7-CFB3-25C1F8C91ACB">
<hideElementsInCurrentOnly>false</hideElementsInCurrentOnly>
<backgroundColor>-16777216</backgroundColor>
<lineWidth>1</lineWidth>
<points>
<point x="1123" y="310"/>
<point x="1123" y="132"/>
</points>
</Connector>
<Connector class="oracle.dbtools.crest.swingui.logical.TVRelation" oid="44403E1B-563D-2972-3ECB-39311C24F1E1" otype="Relation" vid_source="B416C203-91DC-D1EB-E264-301D0783585B" vid_target="AE7EF906-DF24-4AC5-861F-235D8F12B3EE">
<hideElementsInCurrentOnly>false</hideElementsInCurrentOnly>
<backgroundColor>-16777216</backgroundColor>
<lineWidth>1</lineWidth>
<points>
<point x="121" y="180"/>
<point x="211" y="180"/>
</points>
</Connector>
<Connector class="oracle.dbtools.crest.swingui.logical.TVRelation" oid="5858640B-FACF-774F-2E93-FC35E4E16CF2" otype="Relation" vid_source="68E935F5-F098-DBE7-CFB3-25C1F8C91ACB" vid_target="450401E6-73AC-0A10-A0D5-910DB4E93FE2">
<hideElementsInCurrentOnly>false</hideElementsInCurrentOnly>
<backgroundColor>-16777216</backgroundColor>
<lineWidth>1</lineWidth>
<points>
<point x="1078" y="100"/>
<point x="989" y="100"/>
</points>
</Connector>
<Connector class="oracle.dbtools.crest.swingui.logical.TVRelation" oid="5B5B247A-3D60-4697-F198-4A4CD3B9E12A" otype="Relation" vid_source="F85669AE-92CA-B7EC-D44B-ADDF21DC18F5" vid_target="4B7BEE33-3136-41A0-D2D5-DC895B8E8F5E">
<hideElementsInCurrentOnly>false</hideElementsInCurrentOnly>
<backgroundColor>-16777216</backgroundColor>
<lineWidth>1</lineWidth>
<points>
<point x="124" y="388"/>
<point x="215" y="388"/>
</points>
</Connector>
<Connector class="oracle.dbtools.crest.swingui.logical.TVRelation" oid="6190C492-39F7-F17E-44DD-A2CA7DCE40BB" otype="Relation" vid_source="72193077-C26D-99E7-156A-E2F7F47BB6ED" vid_target="3FFDA0E9-BAB1-2FC8-2C13-201BC47B7009">
<hideElementsInCurrentOnly>false</hideElementsInCurrentOnly>
<backgroundColor>-16777216</backgroundColor>
<lineWidth>1</lineWidth>
<points>
<point x="519" y="69"/>
<point x="519" y="129"/>
</points>
</Connector>
<Connector class="oracle.dbtools.crest.swingui.logical.TVRelation" oid="691760AF-A999-1F9F-3B12-D3C49D365E04" otype="Relation" vid_source="48AE138A-B373-B98C-CCD1-D28C6D128E9C" vid_target="450401E6-73AC-0A10-A0D5-910DB4E93FE2">
<hideElementsInCurrentOnly>false</hideElementsInCurrentOnly>
<backgroundColor>-16777216</backgroundColor>
<lineWidth>1</lineWidth>
<points>
<point x="933" y="194"/>
<point x="933" y="132"/>
</points>
</Connector>
<Connector class="oracle.dbtools.crest.swingui.logical.TVRelation" oid="7B7AA25C-1BB0-A7E9-29B3-660784FE7BB3" otype="Relation" vid_source="450401E6-73AC-0A10-A0D5-910DB4E93FE2" vid_target="7C48B53A-19BE-CE09-2162-4C3571AD6422">
<hideElementsInCurrentOnly>false</hideElementsInCurrentOnly>
<backgroundColor>-16777216</backgroundColor>
<lineWidth>1</lineWidth>
<points>
<point x="869" y="96"/>
<point x="805" y="96"/>
</points>
</Connector>
<Connector class="oracle.dbtools.crest.swingui.logical.TVRelation" oid="96C9B56C-AA43-985E-A3A2-1FDC4356F3F6" otype="Relation" vid_source="7C48B53A-19BE-CE09-2162-4C3571AD6422" vid_target="676AF9A0-FB75-3942-7E93-ED5B434AF3C3">
<hideElementsInCurrentOnly>false</hideElementsInCurrentOnly>
<backgroundColor>-16777216</backgroundColor>
<lineWidth>1</lineWidth>
<points>
<point x="742" y="196"/>
<point x="742" y="290"/>
</points>
</Connector>
<Connector class="oracle.dbtools.crest.swingui.logical.TVRelation" oid="BABD54E4-21E5-627F-039D-EE6805D14272" otype="Relation" vid_source="77D4D02B-8B6C-3F8D-67B0-BFC9CB103193" vid_target="2C668FFE-DADB-14B3-47EE-C018B1E3B706">
<hideElementsInCurrentOnly>false</hideElementsInCurrentOnly>
<backgroundColor>-16777216</backgroundColor>
<lineWidth>1</lineWidth>
<points>
<point x="678" y="437"/>
<point x="574" y="437"/>
</points>
</Connector>
<Connector class="oracle.dbtools.crest.swingui.logical.TVRelation" oid="DDEC6D5A-C7E9-CDFA-6C43-4AD91D4B485E" otype="Relation" vid_source="DF8E3FAE-72D2-E2AD-AA3C-2EF42FF9C3C1" vid_target="77D4D02B-8B6C-3F8D-67B0-BFC9CB103193">
<hideElementsInCurrentOnly>false</hideElementsInCurrentOnly>
<backgroundColor>-16777216</backgroundColor>
<lineWidth>1</lineWidth>
<points>
<point x="900" y="466"/>
<point x="848" y="466"/>
</points>
</Connector>
<Connector class="oracle.dbtools.crest.swingui.logical.TVRelation" oid="E30CAB11-D71C-2287-5B64-1D536043D819" otype="Relation" vid_source="77D4D02B-8B6C-3F8D-67B0-BFC9CB103193" vid_target="3FFDA0E9-BAB1-2FC8-2C13-201BC47B7009">
<hideElementsInCurrentOnly>false</hideElementsInCurrentOnly>
<backgroundColor>-16777216</backgroundColor>
<lineWidth>1</lineWidth>
<points>
<point x="719" y="414"/>
<point x="540" y="225"/>
</points>
</Connector>
<Connector class="oracle.dbtools.crest.swingui.logical.TVRelation" oid="E725624F-AF30-F93E-D481-51037E828D58" otype="Relation" vid_source="3FFDA0E9-BAB1-2FC8-2C13-201BC47B7009" vid_target="AE7EF906-DF24-4AC5-861F-235D8F12B3EE">
<hideElementsInCurrentOnly>false</hideElementsInCurrentOnly>
<backgroundColor>-16777216</backgroundColor>
<lineWidth>1</lineWidth>
<points>
<point x="424" y="180"/>
<point x="348" y="180"/>
</points>
</Connector>
</connectors>
</Diagram>