<?xml version = '1.0' encoding = 'UTF-8'?>
<Entity class="oracle.dbtools.crest.model.design.logical.Entity" directorySegmentName="seg_0" id="4E81F8FA-CB6F-E7E1-D112-BEA48DF5A880" name="Vehiculos">
<createdBy>paulo</createdBy>
<createdTime>2024-10-07 01:58:44 UTC</createdTime>
<ownerDesignName>CarMotorFix</ownerDesignName>
<engineerTo>
<item key="58B6D257-61E5-3D75-9100-A8A21C1D7F70" value="true"/>
</engineerTo>
<adequatelyNormalized>NO</adequatelyNormalized>
<expectedVolumes>0</expectedVolumes>
<fwdEngineeringStrategyName>Single Table</fwdEngineeringStrategyName>
<growthPercent>0</growthPercent>
<growthType>Year</growthType>
<maxVolumes>9999999</maxVolumes>
<minVolumes>0</minVolumes>
<normalForm>Third</normalForm>
<attributes itemClass="oracle.dbtools.crest.model.design.logical.Attribute">
<Attribute name="ID_vehiculo" id="67CB9B80-FE7A-0222-90CB-0F9BD34B291A">
<createdBy>paulo</createdBy>
<createdTime>2024-10-07 01:58:52 UTC</createdTime>
<ownerDesignName>CarMotorFix</ownerDesignName>
<engineerTo>
<item key="58B6D257-61E5-3D75-9100-A8A21C1D7F70" value="true"/>
</engineerTo>
<useDomainConstraints>false</useDomainConstraints>
<use>1</use>
<logicalDatatype>LOGDT019</logicalDatatype>
<dataTypePrecision>10</dataTypePrecision>
<ownDataTypeParameters>,10,</ownDataTypeParameters>
</Attribute>
<Attribute name="Patente" id="B73AD863-4FD7-EBF6-BEA1-6ED7E5E714B6">
<createdBy>paulo</createdBy>
<createdTime>2024-10-07 01:58:52 UTC</createdTime>
<ownerDesignName>CarMotorFix</ownerDesignName>
<engineerTo>
<item key="58B6D257-61E5-3D75-9100-A8A21C1D7F70" value="true"/>
</engineerTo>
<useDomainConstraints>false</useDomainConstraints>
<use>1</use>
<logicalDatatype>LOGDT024</logicalDatatype>
<dataTypeSize>6</dataTypeSize>
<ownDataTypeParameters>6,,</ownDataTypeParameters>
</Attribute>
<Attribute name="Anio" id="7C52C02F-5BF1-0820-6814-F89F77A121D4">
<createdBy>paulo</createdBy>
<createdTime>2024-10-07 01:58:52 UTC</createdTime>
<ownerDesignName>CarMotorFix</ownerDesignName>
<engineerTo>
<item key="58B6D257-61E5-3D75-9100-A8A21C1D7F70" value="true"/>
</engineerTo>
<useDomainConstraints>false</useDomainConstraints>
<use>1</use>
<logicalDatatype>LOGDT007</logicalDatatype>
<ownDataTypeParameters>,,</ownDataTypeParameters>
</Attribute>
<Attribute name="Kilometraje" id="53200CAC-4E16-7E9B-E80F-8EABF5EB64C9">
<createdBy>paulo</createdBy>
<createdTime>2024-10-07 01:58:53 UTC</createdTime>
<ownerDesignName>CarMotorFix</ownerDesignName>
<engineerTo>
<item key="58B6D257-61E5-3D75-9100-A8A21C1D7F70" value="true"/>
</engineerTo>
<useDomainConstraints>false</useDomainConstraints>
<use>1</use>
<logicalDatatype>LOGDT019</logicalDatatype>
<dataTypePrecision>10</dataTypePrecision>
<ownDataTypeParameters>,10,</ownDataTypeParameters>
</Attribute>
<Attribute name="Modelo" id="0980C183-0965-8B13-CE2E-8A50B283E35C">
<createdBy>paulo</createdBy>
<createdTime>2024-10-07 02:04:09 UTC</createdTime>
<ownerDesignName>CarMotorFix</ownerDesignName>
<engineerTo>
<item key="58B6D257-61E5-3D75-9100-A8A21C1D7F70" value="true"/>
</engineerTo>
<useDomainConstraints>false</useDomainConstraints>
<use>1</use>
<logicalDatatype>LOGDT024</logicalDatatype>
<dataTypeSize>20</dataTypeSize>
<ownDataTypeParameters>20,,</ownDataTypeParameters>
</Attribute>
<Attribute name="Motor" id="F7202D23-D36E-44A8-FDD0-ED0705931674">
<createdBy>Paulo</createdBy>
<createdTime>2024-10-12 00:15:48 UTC</createdTime>
<ownerDesignName>CarMotorFix</ownerDesignName>
<engineerTo>
<item key="58B6D257-61E5-3D75-9100-A8A21C1D7F70" value="true"/>
</engineerTo>
<useDomainConstraints>false</useDomainConstraints>
<use>1</use>
<logicalDatatype>LOGDT024</logicalDatatype>
<dataTypeSize>5</dataTypeSize>
<ownDataTypeParameters>5,,</ownDataTypeParameters>
</Attribute>
<Attribute name="Color" id="99B295EC-EB8A-C3DC-6201-FF5017017162">
<createdBy>Paulo</createdBy>
<createdTime>2024-10-12 00:16:16 UTC</createdTime>
<ownerDesignName>CarMotorFix</ownerDesignName>
<engineerTo>
<item key="58B6D257-61E5-3D75-9100-A8A21C1D7F70" value="true"/>
</engineerTo>
<useDomainConstraints>false</useDomainConstraints>
<use>1</use>
<logicalDatatype>LOGDT024</logicalDatatype>
<dataTypeSize>15</dataTypeSize>
<ownDataTypeParameters>15,,</ownDataTypeParameters>
</Attribute>
<Attribute name="Id_tp_vehiculo" id="FEC2D654-ACDF-2CBB-9EDA-53D276F1906E">
<createdBy>Paulo</createdBy>
<createdTime>2024-10-12 00:18:44 UTC</createdTime>
<generatorID>44BB1F77-DCBE-87DE-2274-5CFF34AB4187</generatorID>
<ownerDesignName>CarMotorFix</ownerDesignName>
<engineerTo>
<item key="58B6D257-61E5-3D75-9100-A8A21C1D7F70" value="true"/>
</engineerTo>
<referedAttribute>1B6A6B69-BE46-028C-7EEC-4F77108B6638</referedAttribute>
<useDomainConstraints>false</useDomainConstraints>
<use>1</use>
<logicalDatatype>LOGDT019</logicalDatatype>
<dataTypePrecision>30</dataTypePrecision>
<ownDataTypeParameters>,,</ownDataTypeParameters>
</Attribute>
<Attribute name="Id_marca" id="244D8880-8D95-D4D2-AE77-EE660F6B20A3">
<createdBy>Paulo</createdBy>
<createdTime>2024-10-12 00:18:52 UTC</createdTime>
<generatorID>0D032822-B19C-E638-0F80-8A529CED4F82</generatorID>
<ownerDesignName>CarMotorFix</ownerDesignName>
<engineerTo>
<item key="58B6D257-61E5-3D75-9100-A8A21C1D7F70" value="true"/>
</engineerTo>
<referedAttribute>119A0836-6D1B-C1F6-E7E0-64C702473744</referedAttribute>
<useDomainConstraints>false</useDomainConstraints>
<use>1</use>
<logicalDatatype>LOGDT019</logicalDatatype>
<dataTypePrecision>50</dataTypePrecision>
<ownDataTypeParameters>,,</ownDataTypeParameters>
</Attribute>
<Attribute name="ID_Cliente" id="AC104F3C-41F0-0F04-35FA-E4CD9A5B94C4">
<createdBy>Paulo</createdBy>
<createdTime>2024-10-12 00:19:22 UTC</createdTime>
<generatorID>2948BE59-1A2E-D2A8-8BFD-0E0EF8F93CDE</generatorID>
<ownerDesignName>CarMotorFix</ownerDesignName>
<engineerTo>
<item key="58B6D257-61E5-3D75-9100-A8A21C1D7F70" value="true"/>
</engineerTo>
<referedAttribute>36FB233A-B344-4EF4-E649-A9A73D234DBA</referedAttribute>
<useDomainConstraints>false</useDomainConstraints>
<use>1</use>
<logicalDatatype>LOGDT019</logicalDatatype>
<dataTypePrecision>30</dataTypePrecision>
<ownDataTypeParameters>,,</ownDataTypeParameters>
</Attribute>
</attributes>
<identifiers itemClass="oracle.dbtools.crest.model.design.logical.CandidateKey">
<identifier id="54BC9C23-B91E-4899-7086-751F7EDC3537" name="Auto PK">
<createdBy>paulo</createdBy>
<createdTime>2024-10-07 02:02:33 UTC</createdTime>
<ownerDesignName>CarMotorFix</ownerDesignName>
<engineerTo>
<item key="58B6D257-61E5-3D75-9100-A8A21C1D7F70" value="true"/>
</engineerTo>
<pk>true</pk>
<usedAttributes>
<attributeRef>67CB9B80-FE7A-0222-90CB-0F9BD34B291A</attributeRef>
<attributeRef>AC104F3C-41F0-0F04-35FA-E4CD9A5B94C4</attributeRef>
</usedAttributes>
</identifier>
</identifiers>
</Entity>