<?xml version = '1.0' encoding = 'UTF-8'?>
<Entity class="oracle.dbtools.crest.model.design.logical.Entity" directorySegmentName="seg_0" id="DBCECF2A-2E48-1418-8A61-A3D26C926270" name="Orden_trabajo">
<createdBy>paulo</createdBy>
<createdTime>2024-10-07 01:46:54 UTC</createdTime>
<ownerDesignName>CarMotorFix</ownerDesignName>
<engineerTo>
<item key="58B6D257-61E5-3D75-9100-A8A21C1D7F70" value="true"/>
</engineerTo>
<adequatelyNormalized>NO</adequatelyNormalized>
<expectedVolumes>0</expectedVolumes>
<fwdEngineeringStrategyName>Single Table</fwdEngineeringStrategyName>
<growthPercent>0</growthPercent>
<growthType>Year</growthType>
<maxVolumes>9999999</maxVolumes>
<minVolumes>0</minVolumes>
<normalForm>Third</normalForm>
<attributes itemClass="oracle.dbtools.crest.model.design.logical.Attribute">
<Attribute name="Id_OT" id="855B76FD-DAC0-0B2F-5FDF-75633C673948">
<createdBy>paulo</createdBy>
<createdTime>2024-10-07 01:47:10 UTC</createdTime>
<ownerDesignName>CarMotorFix</ownerDesignName>
<engineerTo>
<item key="58B6D257-61E5-3D75-9100-A8A21C1D7F70" value="true"/>
</engineerTo>
<useDomainConstraints>false</useDomainConstraints>
<use>1</use>
<logicalDatatype>LOGDT019</logicalDatatype>
<dataTypePrecision>10</dataTypePrecision>
<ownDataTypeParameters>,10,</ownDataTypeParameters>
</Attribute>
<Attribute name="FechaRecepcion" id="6F4641E6-1A90-505B-7934-F9295BE35DC0">
<createdBy>paulo</createdBy>
<createdTime>2024-10-07 01:47:10 UTC</createdTime>
<ownerDesignName>CarMotorFix</ownerDesignName>
<engineerTo>
<item key="58B6D257-61E5-3D75-9100-A8A21C1D7F70" value="true"/>
</engineerTo>
<useDomainConstraints>false</useDomainConstraints>
<use>1</use>
<logicalDatatype>LOGDT007</logicalDatatype>
<ownDataTypeParameters>,,</ownDataTypeParameters>
</Attribute>
<Attribute name="FechaSaldia" id="750D97DE-C90F-4985-F16C-BFD22713930A">
<createdBy>Paulo</createdBy>
<createdTime>2024-10-12 00:44:32 UTC</createdTime>
<ownerDesignName>CarMotorFix</ownerDesignName>
<engineerTo>
<item key="58B6D257-61E5-3D75-9100-A8A21C1D7F70" value="true"/>
</engineerTo>
<useDomainConstraints>false</useDomainConstraints>
<use>1</use>
<logicalDatatype>LOGDT007</logicalDatatype>
<ownDataTypeParameters>,,</ownDataTypeParameters>
</Attribute>
<Attribute name="FechaEntrega" id="A6BF6D0F-9101-713C-2DD9-260D952C5BD9">
<createdBy>Paulo</createdBy>
<createdTime>2024-10-12 00:44:35 UTC</createdTime>
<ownerDesignName>CarMotorFix</ownerDesignName>
<engineerTo>
<item key="58B6D257-61E5-3D75-9100-A8A21C1D7F70" value="true"/>
</engineerTo>
<useDomainConstraints>false</useDomainConstraints>
<use>1</use>
<logicalDatatype>LOGDT007</logicalDatatype>
<ownDataTypeParameters>,,</ownDataTypeParameters>
</Attribute>
<Attribute name="Costo" id="1B4FB12C-66B7-6E39-F5BD-2830BD1D8971">
<createdBy>Paulo</createdBy>
<createdTime>2024-10-12 00:44:34 UTC</createdTime>
<ownerDesignName>CarMotorFix</ownerDesignName>
<engineerTo>
<item key="58B6D257-61E5-3D75-9100-A8A21C1D7F70" value="true"/>
</engineerTo>
<useDomainConstraints>false</useDomainConstraints>
<use>1</use>
<logicalDatatype>LOGDT019</logicalDatatype>
<dataTypePrecision>15</dataTypePrecision>
<ownDataTypeParameters>,15,</ownDataTypeParameters>
</Attribute>
<Attribute name="Cod_estado" id="6A2580F0-30B1-9762-2000-38F80DE1C381">
<createdBy>Paulo</createdBy>
<createdTime>2024-10-12 00:03:49 UTC</createdTime>
<generatorID>6DF9ADD6-C4AE-6ADA-B6AD-A19D34C77EC4</generatorID>
<ownerDesignName>CarMotorFix</ownerDesignName>
<engineerTo>
<item key="58B6D257-61E5-3D75-9100-A8A21C1D7F70" value="true"/>
</engineerTo>
<referedAttribute>7580F053-1D78-4756-0F62-F2FFCEFBEEC3</referedAttribute>
<use>0</use>
<ownDataTypeParameters>,,</ownDataTypeParameters>
</Attribute>
<Attribute name="ID_vehiculo" id="F3A0FED4-B2ED-9F6F-5065-DEF2FB1288EF">
<createdBy>Paulo</createdBy>
<createdTime>2024-10-12 00:21:49 UTC</createdTime>
<generatorID>401AFA22-E43A-CFAD-DAEB-90901059AAF0</generatorID>
<ownerDesignName>CarMotorFix</ownerDesignName>
<engineerTo>
<item key="58B6D257-61E5-3D75-9100-A8A21C1D7F70" value="true"/>
</engineerTo>
<referedAttribute>67CB9B80-FE7A-0222-90CB-0F9BD34B291A</referedAttribute>
<useDomainConstraints>false</useDomainConstraints>
<use>1</use>
<logicalDatatype>LOGDT019</logicalDatatype>
<dataTypePrecision>10</dataTypePrecision>
<ownDataTypeParameters>,,</ownDataTypeParameters>
</Attribute>
<Attribute name="ID_Cliente" id="8DCAF2F1-5628-E16C-1960-DC8917164DA0">
<createdBy>Paulo</createdBy>
<createdTime>2024-10-12 00:21:49 UTC</createdTime>
<generatorID>401AFA22-E43A-CFAD-DAEB-90901059AAF0</generatorID>
<ownerDesignName>CarMotorFix</ownerDesignName>
<engineerTo>
<item key="58B6D257-61E5-3D75-9100-A8A21C1D7F70" value="true"/>
</engineerTo>
<referedAttribute>AC104F3C-41F0-0F04-35FA-E4CD9A5B94C4</referedAttribute>
<useDomainConstraints>false</useDomainConstraints>
<use>1</use>
<logicalDatatype>LOGDT019</logicalDatatype>
<dataTypePrecision>30</dataTypePrecision>
<ownDataTypeParameters>,,</ownDataTypeParameters>
</Attribute>
<Attribute name="ID_Mecanico" id="D8E0AEC2-A8FC-9D56-D57D-B95EB80D8949">
<createdBy>Paulo</createdBy>
<createdTime>2024-10-12 01:00:23 UTC</createdTime>
<generatorID>DBB712E9-C757-7F27-676C-2BBA5484C7A4</generatorID>
<ownerDesignName>CarMotorFix</ownerDesignName>
<engineerTo>
<item key="58B6D257-61E5-3D75-9100-A8A21C1D7F70" value="true"/>
</engineerTo>
<referedAttribute>D092B664-FA86-13F5-C132-398F6E7A7912</referedAttribute>
<useDomainConstraints>false</useDomainConstraints>
<use>1</use>
<logicalDatatype>LOGDT019</logicalDatatype>
<dataTypePrecision>30</dataTypePrecision>
<ownDataTypeParameters>,,</ownDataTypeParameters>
</Attribute>
<Attribute name="Id_clas" id="2679D4C0-7A7B-DB07-CD73-CBD61A27CAD5">
<createdBy>Paulo</createdBy>
<createdTime>2024-10-12 01:05:51 UTC</createdTime>
<generatorID>139C943E-C1EA-F430-B44C-C78F70049F20</generatorID>
<ownerDesignName>CarMotorFix</ownerDesignName>
<engineerTo>
<item key="58B6D257-61E5-3D75-9100-A8A21C1D7F70" value="true"/>
</engineerTo>
<referedAttribute>1A9B1253-BAF5-49DB-576F-EFC5DBA3819B</referedAttribute>
<useDomainConstraints>false</useDomainConstraints>
<use>1</use>
<logicalDatatype>LOGDT019</logicalDatatype>
<dataTypePrecision>20</dataTypePrecision>
<ownDataTypeParameters>,,</ownDataTypeParameters>
</Attribute>
</attributes>
<identifiers itemClass="oracle.dbtools.crest.model.design.logical.CandidateKey">
<identifier id="C69D4060-4AE2-8DFC-CC83-D7169874A53B" name="Orden_trabajo PK">
<createdBy>paulo</createdBy>
<createdTime>2024-10-07 01:47:40 UTC</createdTime>
<ownerDesignName>CarMotorFix</ownerDesignName>
<shouldEngineer>false</shouldEngineer>
<engineerTo>
<item key="58B6D257-61E5-3D75-9100-A8A21C1D7F70" value="false"/>
</engineerTo>
<pk>true</pk>
<usedAttributes>
<attributeRef>855B76FD-DAC0-0B2F-5FDF-75633C673948</attributeRef>
<attributeRef>F3A0FED4-B2ED-9F6F-5065-DEF2FB1288EF</attributeRef>
<attributeRef>8DCAF2F1-5628-E16C-1960-DC8917164DA0</attributeRef>
<attributeRef>D8E0AEC2-A8FC-9D56-D57D-B95EB80D8949</attributeRef>
<attributeRef>2679D4C0-7A7B-DB07-CD73-CBD61A27CAD5</attributeRef>
</usedAttributes>
</identifier>
</identifiers>
</Entity>