<?xml version = '1.0' encoding = 'UTF-8'?>
<Entity class="oracle.dbtools.crest.model.design.logical.Entity" directorySegmentName="seg_0" id="FE06E576-1819-0DCF-9EA1-9FC920E49F54" name="Clasificacion_OT">
<createdBy>Paulo</createdBy>
<createdTime>2024-10-12 01:01:03 UTC</createdTime>
<ownerDesignName>CarMotorFix</ownerDesignName>
<engineerTo>
<item key="58B6D257-61E5-3D75-9100-A8A21C1D7F70" value="true"/>
</engineerTo>
<adequatelyNormalized>NO</adequatelyNormalized>
<expectedVolumes>0</expectedVolumes>
<fwdEngineeringStrategyName>Single Table</fwdEngineeringStrategyName>
<growthPercent>0</growthPercent>
<growthType>Year</growthType>
<maxVolumes>9999999</maxVolumes>
<minVolumes>0</minVolumes>
<normalForm>Third</normalForm>
<attributes itemClass="oracle.dbtools.crest.model.design.logical.Attribute">
<Attribute name="Id_clas" id="1A9B1253-BAF5-49DB-576F-EFC5DBA3819B">
<createdBy>Paulo</createdBy>
<createdTime>2024-10-12 01:03:24 UTC</createdTime>
<ownerDesignName>CarMotorFix</ownerDesignName>
<engineerTo>
<item key="58B6D257-61E5-3D75-9100-A8A21C1D7F70" value="true"/>
</engineerTo>
<useDomainConstraints>false</useDomainConstraints>
<use>1</use>
<logicalDatatype>LOGDT019</logicalDatatype>
<dataTypePrecision>20</dataTypePrecision>
<ownDataTypeParameters>,20,</ownDataTypeParameters>
</Attribute>
<Attribute name="Puntuacion" id="7CF0FEEF-3719-E6E0-494C-95242D1C83E0">
<createdBy>Paulo</createdBy>
<createdTime>2024-10-12 01:03:50 UTC</createdTime>
<ownerDesignName>CarMotorFix</ownerDesignName>
<engineerTo>
<item key="58B6D257-61E5-3D75-9100-A8A21C1D7F70" value="true"/>
</engineerTo>
<nullsAllowed>true</nullsAllowed>
<useDomainConstraints>false</useDomainConstraints>
<use>1</use>
<logicalDatatype>LOGDT019</logicalDatatype>
<dataTypePrecision>1</dataTypePrecision>
<ownDataTypeParameters>,1,</ownDataTypeParameters>
</Attribute>
<Attribute name="Descripcion" id="5E2D45B3-29CA-3FDF-A94A-3992848E32C8">
<createdBy>Paulo</createdBy>
<createdTime>2024-10-12 01:03:50 UTC</createdTime>
<ownerDesignName>CarMotorFix</ownerDesignName>
<engineerTo>
<item key="58B6D257-61E5-3D75-9100-A8A21C1D7F70" value="true"/>
</engineerTo>
<nullsAllowed>true</nullsAllowed>
<useDomainConstraints>false</useDomainConstraints>
<use>1</use>
<logicalDatatype>LOGDT024</logicalDatatype>
<dataTypeSize>20</dataTypeSize>
<ownDataTypeParameters>20,,</ownDataTypeParameters>
</Attribute>
</attributes>
<identifiers itemClass="oracle.dbtools.crest.model.design.logical.CandidateKey">
<identifier id="B9CC39CD-1A10-92FF-CF72-43C9F682027D" name="Clasificacion_OT PK">
<createdBy>Paulo</createdBy>
<createdTime>2024-10-12 01:05:32 UTC</createdTime>
<ownerDesignName>CarMotorFix</ownerDesignName>
<shouldEngineer>false</shouldEngineer>
<engineerTo>
<item key="58B6D257-61E5-3D75-9100-A8A21C1D7F70" value="false"/>
</engineerTo>
<pk>true</pk>
<usedAttributes>
<attributeRef>1A9B1253-BAF5-49DB-576F-EFC5DBA3819B</attributeRef>
</usedAttributes>
</identifier>
</identifiers>
</Entity>