<?xml version = '1.0' encoding = 'UTF-8'?>
<FKIndexAssociation class="oracle.dbtools.crest.model.design.relational.FKIndexAssociation" directorySegmentName="seg_0" id="2A1B1F19-B7B1-A58D-F29B-E3ABBC874D67" containerWithKeyObject="B8C12A63-C363-A67A-C1DA-A06DD3A75F98" localFKIndex="F747D323-CA2D-284A-0A39-BB4F6391D20D" name="Mecanico_Servicio_Servicios_FK">
<createdBy>paulo</createdBy>
<createdTime>2024-10-07 02:24:03 UTC</createdTime>
<generatorID>075328FC-A260-3744-FE8A-71D137DA387A</generatorID>
<ownerDesignName>modelo de datos</ownerDesignName>
<referredTableLongName>Servicios</referredTableLongName>
<deleteRule>NO ACTION</deleteRule>
<referredTableID>02335AA5-D34B-6489-7A58-69C3D6FE01C7</referredTableID>
<keyObject>C8E36550-1C9A-A2E0-9862-1893CD39CE01</keyObject>
<referredKeyID>C8E36550-1C9A-A2E0-9862-1893CD39CE01</referredKeyID>
<mandatory>true</mandatory>
<refColNames>Id_servicio,Tp_servicios_Cod_servicio</refColNames>
<transferable>true</transferable>
<rely>false</rely>
<columnDependencyConstraintGenerateInDDL>true</columnDependencyConstraintGenerateInDDL>
</FKIndexAssociation>