<?xml version = '1.0' encoding = 'UTF-8'?>
<FKIndexAssociation class="oracle.dbtools.crest.model.design.relational.FKIndexAssociation" directorySegmentName="seg_0" id="328E6483-16BB-470D-4872-BD9BED833DBE" containerWithKeyObject="EFAD20E9-3581-CE3E-991D-6D46EFD15FF5" localFKIndex="920C1E6E-0E40-4780-41A8-BA15AE100264" name="historial_Orden_trabajo_FK">
<createdBy>paulo</createdBy>
<createdTime>2024-10-07 02:24:03 UTC</createdTime>
<generatorID>E725624F-AF30-F93E-D481-51037E828D58</generatorID>
<ownerDesignName>modelo de datos</ownerDesignName>
<referredTableLongName>Orden_trabajo</referredTableLongName>
<deleteRule>NO ACTION</deleteRule>
<referredTableID>B408563D-BD10-340C-50E7-B76263383749</referredTableID>
<keyObject>187B5ABA-952C-6635-2591-EE3524737706</keyObject>
<referredKeyID>187B5ABA-952C-6635-2591-EE3524737706</referredKeyID>
<mandatory>true</mandatory>
<refColNames>Id_OT,mecanico_ID_Mecanico,mecanico_Taller_ID_Taller,mecanico_Taller_Ciudad_Cod_ciudad,mecanico_Taller_Ciudad_Region_Cod_region</refColNames>
<transferable>true</transferable>
<rely>false</rely>
<columnDependencyConstraintGenerateInDDL>true</columnDependencyConstraintGenerateInDDL>
</FKIndexAssociation>