<?xml version = '1.0' encoding = 'UTF-8'?>
<FKIndexAssociation class="oracle.dbtools.crest.model.design.relational.FKIndexAssociation" directorySegmentName="seg_0" id="38BA8E8E-52E0-8BE9-D59B-C7B5246AF8F7" containerWithKeyObject="8744AA38-8842-7D86-C394-0121E791BF03" localFKIndex="F9716F6C-EEBE-4ECF-1BE5-A48780F94F53" name="Auto_Tp_vehiculo_FK">
<createdBy>paulo</createdBy>
<createdTime>2024-10-07 02:24:03 UTC</createdTime>
<generatorID>5B5B247A-3D60-4697-F198-4A4CD3B9E12A</generatorID>
<ownerDesignName>modelo de datos</ownerDesignName>
<referredTableLongName>Tp_vehiculo</referredTableLongName>
<deleteRule>NO ACTION</deleteRule>
<referredTableID>C2576AEA-6E1E-A653-A308-4B2691179992</referredTableID>
<keyObject>001165E0-44B0-FD81-2645-F36FD319D6E9</keyObject>
<referredKeyID>001165E0-44B0-FD81-2645-F36FD319D6E9</referredKeyID>
<mandatory>true</mandatory>
<refColNames>Id_tp_vehiculo</refColNames>
<transferable>true</transferable>
<rely>false</rely>
<columnDependencyConstraintGenerateInDDL>true</columnDependencyConstraintGenerateInDDL>
</FKIndexAssociation>