<?xml version = '1.0' encoding = 'UTF-8'?>
<FKIndexAssociation class="oracle.dbtools.crest.model.design.relational.FKIndexAssociation" directorySegmentName="seg_0" id="3A20BC3D-CDF2-FFE5-7BA6-72AFBC344451" containerWithKeyObject="90D7415A-06F1-440F-D544-1B93D3836FA0" localFKIndex="CE3EA2AD-6156-2C51-55AB-A59EDB411A6C" name="Taller_Gerente_FK">
<createdBy>paulo</createdBy>
<createdTime>2024-10-07 02:24:03 UTC</createdTime>
<generatorID>691760AF-A999-1F9F-3B12-D3C49D365E04</generatorID>
<ownerDesignName>modelo de datos</ownerDesignName>
<referredTableLongName>Gerente</referredTableLongName>
<deleteRule>NO ACTION</deleteRule>
<referredTableID>567D20E6-2693-B50D-50E0-255014C420E8</referredTableID>
<keyObject>8B5B89F5-6D7C-98FC-AF63-D42237F30FA4</keyObject>
<referredKeyID>8B5B89F5-6D7C-98FC-AF63-D42237F30FA4</referredKeyID>
<mandatory>true</mandatory>
<refColNames>ID</refColNames>
<transferable>true</transferable>
<rely>false</rely>
<columnDependencyConstraintGenerateInDDL>true</columnDependencyConstraintGenerateInDDL>
</FKIndexAssociation>