<?xml version = '1.0' encoding = 'UTF-8'?>
<FKIndexAssociation class="oracle.dbtools.crest.model.design.relational.FKIndexAssociation" directorySegmentName="seg_0" id="3B468493-D98C-A525-4170-C631D556D98C" containerWithKeyObject="ACE6B185-FE52-9012-DCB3-4C38B406FDBA" localFKIndex="C15DD79F-9ABA-EA2B-BECF-C4DE827501D0" name="Notificacion_Auto_FK">
<createdBy>paulo</createdBy>
<createdTime>2024-10-07 02:24:03 UTC</createdTime>
<generatorID>366D140A-65EA-E911-4CFB-3A7913177036</generatorID>
<ownerDesignName>modelo de datos</ownerDesignName>
<referredTableLongName>Auto</referredTableLongName>
<deleteRule>NO ACTION</deleteRule>
<referredTableID>8744AA38-8842-7D86-C394-0121E791BF03</referredTableID>
<keyObject>1B51D27E-7D28-707C-8A62-FB718CF14BD8</keyObject>
<referredKeyID>1B51D27E-7D28-707C-8A62-FB718CF14BD8</referredKeyID>
<mandatory>true</mandatory>
<refColNames>ID_vehiculo,User_ID_usuario,Tp_vehiculo_Id_tp_vehiculo</refColNames>
<transferable>true</transferable>
<rely>false</rely>
<columnDependencyConstraintGenerateInDDL>true</columnDependencyConstraintGenerateInDDL>
</FKIndexAssociation>