<?xml version = '1.0' encoding = 'UTF-8'?>
<FKIndexAssociation class="oracle.dbtools.crest.model.design.relational.FKIndexAssociation" directorySegmentName="seg_0" id="3C224F37-3698-9595-E8CF-8FD34C61E4B9" containerWithKeyObject="8744AA38-8842-7D86-C394-0121E791BF03" localFKIndex="C6DE5BB0-D38F-FACA-2571-7C7D14CCEB0E" name="Auto_User_FK">
<createdBy>paulo</createdBy>
<createdTime>2024-10-07 02:24:03 UTC</createdTime>
<generatorID>3279431C-FAE8-28BB-B7CC-9B7437B359BE</generatorID>
<ownerDesignName>modelo de datos</ownerDesignName>
<referredTableLongName>User</referredTableLongName>
<deleteRule>NO ACTION</deleteRule>
<referredTableID>C1806D19-860C-A768-ABD9-CED9DFFCC051</referredTableID>
<keyObject>2439F9A5-0FB7-4B5C-CC76-61346379FC30</keyObject>
<referredKeyID>2439F9A5-0FB7-4B5C-CC76-61346379FC30</referredKeyID>
<mandatory>true</mandatory>
<refColNames>ID_usuario</refColNames>
<transferable>true</transferable>
<rely>false</rely>
<columnDependencyConstraintGenerateInDDL>true</columnDependencyConstraintGenerateInDDL>
</FKIndexAssociation>