<?xml version = '1.0' encoding = 'UTF-8'?>
<FKIndexAssociation class="oracle.dbtools.crest.model.design.relational.FKIndexAssociation" directorySegmentName="seg_0" id="3F3ED586-04F8-7794-6F47-7C3A8FACF707" containerWithKeyObject="B408563D-BD10-340C-50E7-B76263383749" localFKIndex="00C9DCC3-436C-ABA1-35CB-F3BF94BE69C1" name="Orden_trabajo_Servicios_FK">
<createdBy>paulo</createdBy>
<createdTime>2024-10-07 02:24:03 UTC</createdTime>
<generatorID>E30CAB11-D71C-2287-5B64-1D536043D819</generatorID>
<ownerDesignName>modelo de datos</ownerDesignName>
<referredTableLongName>Servicios</referredTableLongName>
<deleteRule>NO ACTION</deleteRule>
<referredTableID>02335AA5-D34B-6489-7A58-69C3D6FE01C7</referredTableID>
<keyObject>C8E36550-1C9A-A2E0-9862-1893CD39CE01</keyObject>
<referredKeyID>C8E36550-1C9A-A2E0-9862-1893CD39CE01</referredKeyID>
<mandatory>true</mandatory>
<refColNames>Id_servicio,Tp_servicios_Cod_servicio</refColNames>
<transferable>true</transferable>
<rely>false</rely>
<columnDependencyConstraintGenerateInDDL>true</columnDependencyConstraintGenerateInDDL>
</FKIndexAssociation>