<?xml version = '1.0' encoding = 'UTF-8'?>
<FKIndexAssociation class="oracle.dbtools.crest.model.design.relational.FKIndexAssociation" directorySegmentName="seg_0" id="67A60D1A-BE9E-C39B-0803-A80DEF47A010" containerWithKeyObject="567D20E6-2693-B50D-50E0-255014C420E8" localFKIndex="ECD0B5F4-65D4-FB28-BAFA-B08008B6A8E5" name="Gerente_Taller_FK">
<createdBy>paulo</createdBy>
<createdTime>2024-10-07 02:24:03 UTC</createdTime>
<generatorID>691760AF-A999-1F9F-3B12-D3C49D365E04</generatorID>
<ownerDesignName>modelo de datos</ownerDesignName>
<referredTableLongName>Taller</referredTableLongName>
<deleteRule>NO ACTION</deleteRule>
<referredTableID>90D7415A-06F1-440F-D544-1B93D3836FA0</referredTableID>
<keyObject>9337ECA2-9ED6-E755-8B67-E3DF7C317A0B</keyObject>
<referredKeyID>9337ECA2-9ED6-E755-8B67-E3DF7C317A0B</referredKeyID>
<mandatory>true</mandatory>
<refColNames>ID_Taller,Ciudad_Cod_ciudad,Ciudad_Region_Cod_region</refColNames>
<transferable>true</transferable>
<rely>false</rely>
<columnDependencyConstraintGenerateInDDL>true</columnDependencyConstraintGenerateInDDL>
</FKIndexAssociation>