<?xml version = '1.0' encoding = 'UTF-8'?>
<FKIndexAssociation class="oracle.dbtools.crest.model.design.relational.FKIndexAssociation" directorySegmentName="seg_0" id="6C1CB5E0-2003-298B-F29A-38A1F578458D" containerWithKeyObject="8618DF98-1A20-13CD-1FBD-5AD37D2C4135" localFKIndex="BE48C37E-B00B-2CF0-D401-7925C4D52A12" name="mecanico_Taller_FK">
<createdBy>paulo</createdBy>
<createdTime>2024-10-07 02:24:03 UTC</createdTime>
<generatorID>7B7AA25C-1BB0-A7E9-29B3-660784FE7BB3</generatorID>
<ownerDesignName>modelo de datos</ownerDesignName>
<referredTableLongName>Taller</referredTableLongName>
<deleteRule>NO ACTION</deleteRule>
<referredTableID>90D7415A-06F1-440F-D544-1B93D3836FA0</referredTableID>
<keyObject>9337ECA2-9ED6-E755-8B67-E3DF7C317A0B</keyObject>
<referredKeyID>9337ECA2-9ED6-E755-8B67-E3DF7C317A0B</referredKeyID>
<mandatory>true</mandatory>
<refColNames>ID_Taller,Ciudad_Cod_ciudad,Ciudad_Region_Cod_region</refColNames>
<transferable>true</transferable>
<rely>false</rely>
<columnDependencyConstraintGenerateInDDL>true</columnDependencyConstraintGenerateInDDL>
</FKIndexAssociation>