<?xml version = '1.0' encoding = 'UTF-8'?>
<FKIndexAssociation class="oracle.dbtools.crest.model.design.relational.FKIndexAssociation" directorySegmentName="seg_0" id="7264BA92-4AE0-1033-1AF7-4C08D0DB98CB" containerWithKeyObject="02335AA5-D34B-6489-7A58-69C3D6FE01C7" localFKIndex="A51C0D38-0D4C-7EBA-A9CB-ABBBBC57E8C8" name="Servicios_Tp_servicios_FK">
<createdBy>paulo</createdBy>
<createdTime>2024-10-07 02:24:03 UTC</createdTime>
<generatorID>DDEC6D5A-C7E9-CDFA-6C43-4AD91D4B485E</generatorID>
<ownerDesignName>modelo de datos</ownerDesignName>
<referredTableLongName>Tp_servicios</referredTableLongName>
<deleteRule>NO ACTION</deleteRule>
<referredTableID>12DAD6EB-0A00-0323-C8F0-05CBC6C77033</referredTableID>
<keyObject>DA1432EF-7543-323A-22CF-92CB488F1AE9</keyObject>
<referredKeyID>DA1432EF-7543-323A-22CF-92CB488F1AE9</referredKeyID>
<mandatory>true</mandatory>
<refColNames>Cod_servicio</refColNames>
<transferable>true</transferable>
<rely>false</rely>
<columnDependencyConstraintGenerateInDDL>true</columnDependencyConstraintGenerateInDDL>
</FKIndexAssociation>