<?xml version = '1.0' encoding = 'UTF-8'?>
<FKIndexAssociation class="oracle.dbtools.crest.model.design.relational.FKIndexAssociation" directorySegmentName="seg_0" id="825034B8-1702-C9DC-CAAD-5997E2769F2D" containerWithKeyObject="F77B3F74-0A69-D64C-CA2D-5E0E9D722A3D" localFKIndex="A4F731C2-DCA6-E765-A1B5-BC85264D8764" name="Ciudad_Region_FK">
<createdBy>paulo</createdBy>
<createdTime>2024-10-07 02:24:03 UTC</createdTime>
<generatorID>3A87313E-E5C9-CF01-B55F-875B9B798206</generatorID>
<ownerDesignName>modelo de datos</ownerDesignName>
<referredTableLongName>Region</referredTableLongName>
<deleteRule>NO ACTION</deleteRule>
<referredTableID>AD6E5168-4E2D-6082-5580-170D8FC3C0C4</referredTableID>
<keyObject>9618CD4F-66A6-F1AB-BA47-65D425590BC2</keyObject>
<referredKeyID>9618CD4F-66A6-F1AB-BA47-65D425590BC2</referredKeyID>
<mandatory>true</mandatory>
<refColNames>Cod_region</refColNames>
<transferable>true</transferable>
<rely>false</rely>
<columnDependencyConstraintGenerateInDDL>true</columnDependencyConstraintGenerateInDDL>
</FKIndexAssociation>