<?xml version = '1.0' encoding = 'UTF-8'?>
<FKIndexAssociation class="oracle.dbtools.crest.model.design.relational.FKIndexAssociation" directorySegmentName="seg_0" id="893BBFBE-1E94-A0CC-2457-1E06D80C01CD" containerWithKeyObject="B408563D-BD10-340C-50E7-B76263383749" localFKIndex="7BBB5896-BF4E-CEF4-D6AC-FD971C469BDD" name="Orden_trabajo_Estado_OT_FK">
<createdBy>paulo</createdBy>
<createdTime>2024-10-07 02:24:03 UTC</createdTime>
<generatorID>6190C492-39F7-F17E-44DD-A2CA7DCE40BB</generatorID>
<ownerDesignName>modelo de datos</ownerDesignName>
<referredTableLongName>Estado_OT</referredTableLongName>
<deleteRule>NO ACTION</deleteRule>
<referredTableID>4686D6BC-9DBB-414A-89A7-8FD885BA463F</referredTableID>
<keyObject>DD6F32FE-B31F-1F04-9B03-CB6C073C918F</keyObject>
<referredKeyID>DD6F32FE-B31F-1F04-9B03-CB6C073C918F</referredKeyID>
<mandatory>true</mandatory>
<refColNames>Cod_estado</refColNames>
<transferable>true</transferable>
<rely>false</rely>
<columnDependencyConstraintGenerateInDDL>true</columnDependencyConstraintGenerateInDDL>
</FKIndexAssociation>