<?xml version = '1.0' encoding = 'UTF-8'?>
<FKIndexAssociation class="oracle.dbtools.crest.model.design.relational.FKIndexAssociation" directorySegmentName="seg_0" id="C42DE71A-5C93-B1D3-79C6-D6E576C9BA07" containerWithKeyObject="90D7415A-06F1-440F-D544-1B93D3836FA0" localFKIndex="5FF8CB90-6700-BCB0-2390-074D5307ECA8" name="Taller_Ciudad_FK">
<createdBy>paulo</createdBy>
<createdTime>2024-10-07 02:24:03 UTC</createdTime>
<generatorID>5858640B-FACF-774F-2E93-FC35E4E16CF2</generatorID>
<ownerDesignName>modelo de datos</ownerDesignName>
<referredTableLongName>Ciudad</referredTableLongName>
<deleteRule>NO ACTION</deleteRule>
<referredTableID>F77B3F74-0A69-D64C-CA2D-5E0E9D722A3D</referredTableID>
<keyObject>0B17B907-C183-251A-874A-2D41FE51957A</keyObject>
<referredKeyID>0B17B907-C183-251A-874A-2D41FE51957A</referredKeyID>
<mandatory>true</mandatory>
<refColNames>Cod_ciudad,Region_Cod_region</refColNames>
<transferable>true</transferable>
<rely>false</rely>
<columnDependencyConstraintGenerateInDDL>true</columnDependencyConstraintGenerateInDDL>
</FKIndexAssociation>