<?xml version = '1.0' encoding = 'UTF-8'?>
<FKIndexAssociation class="oracle.dbtools.crest.model.design.relational.FKIndexAssociation" directorySegmentName="seg_0" id="D07C85BE-4E5A-5BD6-202B-1520DF481876" containerWithKeyObject="B408563D-BD10-340C-50E7-B76263383749" localFKIndex="55A2F26C-7B57-2AAF-1F9B-B4931C8EC88D" name="Orden_trabajo_mecanico_FK">
<createdBy>paulo</createdBy>
<createdTime>2024-10-07 02:24:03 UTC</createdTime>
<generatorID>33794EF4-DC2E-56A8-49CE-B80FC5D2B13D</generatorID>
<ownerDesignName>modelo de datos</ownerDesignName>
<referredTableLongName>mecanico</referredTableLongName>
<deleteRule>NO ACTION</deleteRule>
<referredTableID>8618DF98-1A20-13CD-1FBD-5AD37D2C4135</referredTableID>
<keyObject>B99FBF19-D229-D9E0-BAB7-40BE06900E05</keyObject>
<referredKeyID>B99FBF19-D229-D9E0-BAB7-40BE06900E05</referredKeyID>
<mandatory>true</mandatory>
<refColNames>ID_Mecanico,Taller_ID_Taller,Taller_Ciudad_Cod_ciudad,Taller_Ciudad_Region_Cod_region</refColNames>
<transferable>true</transferable>
<rely>false</rely>
<columnDependencyConstraintGenerateInDDL>true</columnDependencyConstraintGenerateInDDL>
</FKIndexAssociation>