<?xml version = '1.0' encoding = 'UTF-8'?>
<FKIndexAssociation class="oracle.dbtools.crest.model.design.relational.FKIndexAssociation" directorySegmentName="seg_0" id="E3F0337A-0CD9-2F9C-93B2-F55F93D90EA0" containerWithKeyObject="ACE6B185-FE52-9012-DCB3-4C38B406FDBA" localFKIndex="D73E7A4A-42FC-063E-749A-1B9DE98AA557" name="Notificacion_Servicios_FK">
<createdBy>paulo</createdBy>
<createdTime>2024-10-07 02:24:03 UTC</createdTime>
<generatorID>BABD54E4-21E5-627F-039D-EE6805D14272</generatorID>
<ownerDesignName>modelo de datos</ownerDesignName>
<referredTableLongName>Servicios</referredTableLongName>
<deleteRule>NO ACTION</deleteRule>
<referredTableID>02335AA5-D34B-6489-7A58-69C3D6FE01C7</referredTableID>
<keyObject>C8E36550-1C9A-A2E0-9862-1893CD39CE01</keyObject>
<referredKeyID>C8E36550-1C9A-A2E0-9862-1893CD39CE01</referredKeyID>
<mandatory>true</mandatory>
<refColNames>Id_servicio,Tp_servicios_Cod_servicio</refColNames>
<transferable>true</transferable>
<rely>false</rely>
<columnDependencyConstraintGenerateInDDL>true</columnDependencyConstraintGenerateInDDL>
</FKIndexAssociation>