<?xml version = '1.0' encoding = 'UTF-8'?>
<FKIndexAssociation class="oracle.dbtools.crest.model.design.relational.FKIndexAssociation" directorySegmentName="seg_0" id="EA320697-43EA-12CA-E1B0-4EEA6D2BDE5C" containerWithKeyObject="EFAD20E9-3581-CE3E-991D-6D46EFD15FF5" localFKIndex="999F10C9-E9CB-651D-E7AE-F2B0410213D4" name="historial_User_FK">
<createdBy>paulo</createdBy>
<createdTime>2024-10-07 02:24:03 UTC</createdTime>
<generatorID>44403E1B-563D-2972-3ECB-39311C24F1E1</generatorID>
<ownerDesignName>modelo de datos</ownerDesignName>
<referredTableLongName>User</referredTableLongName>
<deleteRule>NO ACTION</deleteRule>
<referredTableID>C1806D19-860C-A768-ABD9-CED9DFFCC051</referredTableID>
<keyObject>2439F9A5-0FB7-4B5C-CC76-61346379FC30</keyObject>
<referredKeyID>2439F9A5-0FB7-4B5C-CC76-61346379FC30</referredKeyID>
<mandatory>true</mandatory>
<refColNames>ID_usuario</refColNames>
<transferable>true</transferable>
<rely>false</rely>
<columnDependencyConstraintGenerateInDDL>true</columnDependencyConstraintGenerateInDDL>
</FKIndexAssociation>