<?xml version = '1.0' encoding = 'UTF-8'?>
<FKIndexAssociation class="oracle.dbtools.crest.model.design.relational.FKIndexAssociation" directorySegmentName="seg_0" id="F16DC2A2-43B8-E713-EA8E-EDA75C572DD2" containerWithKeyObject="B8C12A63-C363-A67A-C1DA-A06DD3A75F98" localFKIndex="B4BB7B8C-1EC5-1A6F-111F-FFF8DA4F5FCE" name="Mecanico_Servicio_mecanico_FK">
<createdBy>paulo</createdBy>
<createdTime>2024-10-07 02:24:03 UTC</createdTime>
<generatorID>96C9B56C-AA43-985E-A3A2-1FDC4356F3F6</generatorID>
<ownerDesignName>modelo de datos</ownerDesignName>
<referredTableLongName>mecanico</referredTableLongName>
<deleteRule>NO ACTION</deleteRule>
<referredTableID>8618DF98-1A20-13CD-1FBD-5AD37D2C4135</referredTableID>
<keyObject>B99FBF19-D229-D9E0-BAB7-40BE06900E05</keyObject>
<referredKeyID>B99FBF19-D229-D9E0-BAB7-40BE06900E05</referredKeyID>
<mandatory>true</mandatory>
<refColNames>ID_Mecanico,Taller_ID_Taller,Taller_Ciudad_Cod_ciudad,Taller_Ciudad_Region_Cod_region</refColNames>
<transferable>true</transferable>
<rely>false</rely>
<columnDependencyConstraintGenerateInDDL>true</columnDependencyConstraintGenerateInDDL>
</FKIndexAssociation>